Unnamed: 0.2,Date_of_observation,Species_name,Leaves_fresh,Leaves_mature,Leaves_old,Flowers_bud,Flowers_open,Flowers_male,Flowers_Female,Fruits_unripe,Fruits_ripe,Fruits_open,Year,Week,Lat,Long,Observation_ID,User_id,User_Tree_id
0,2019-09-19,Arjun-Terminalia arjuna,1.0,2.0,0.0,0.0,0.0,-2.0,-2.0,2.0,0.0,-2.0,2019,33,28.49799,77.14786,357814.0,19387.0,76447.0
1,2023-11-29,Arjun-Terminalia arjuna,1.0,2.0,0.0,-1.0,-1.0,-2.0,-2.0,2.0,2.0,-2.0,2023,42,28.6298,77.24586,707557.0,24423.0,150138.0
2,2023-11-09,Babool-Acacia nilotica,1.0,2.0,1.0,0.0,0.0,-2.0,-2.0,0.0,0.0,-2.0,2023,40,28.64126,77.17759,701548.0,28461.0,148008.0
3,2023-11-06,Banyan-Ficus benghalensis,0.0,2.0,1.0,-2.0,-2.0,-2.0,-2.0,0.0,0.0,-2.0,2023,39,28.55163,77.21505,700899.0,28461.0,147712.0
4,2016-03-22,Banyan-Ficus benghalensis,2.0,1.0,,0.0,0.0,,,0.0,0.0,,2016,10,28.59913,77.0694,128406.0,14755.0,7874.0
5,2015-11-03,Banyan-Ficus benghalensis,2.0,2.0,,2.0,2.0,,,1.0,2.0,,2015,39,28.59913,77.0694,111072.0,14755.0,7874.0
6,2015-11-24,Banyan-Ficus benghalensis,1.0,2.0,,1.0,0.0,,,1.0,0.0,,2015,42,28.59913,77.0694,112932.0,14755.0,7874.0
7,2016-02-09,Banyan-Ficus benghalensis,0.0,2.0,,0.0,0.0,,,0.0,0.0,,2016,5,28.59913,77.0694,122205.0,14755.0,7874.0
8,2015-12-01,Banyan-Ficus benghalensis,1.0,2.0,,1.0,0.0,,,1.0,1.0,,2015,43,28.59913,77.0694,113327.0,14755.0,7874.0
9,2016-03-01,Banyan-Ficus benghalensis,0.0,2.0,,0.0,0.0,,,0.0,0.0,,2016,7,28.59913,77.0694,122202.0,14755.0,7874.0
10,2019-12-13,Banyan-Ficus benghalensis,2.0,2.0,0.0,-2.0,-2.0,-2.0,-2.0,0.0,0.0,-2.0,2019,44,28.55848,77.20037,381029.0,17932.0,80317.0
11,2016-02-16,Banyan-Ficus benghalensis,0.0,2.0,,0.0,0.0,,,0.0,0.0,,2016,6,28.59913,77.0694,124053.0,14755.0,7874.0
12,2016-02-23,Banyan-Ficus benghalensis,0.0,2.0,,0.0,0.0,,,0.0,0.0,,2016,6,28.59913,77.0694,124052.0,14755.0,7874.0
13,2015-11-10,Banyan-Ficus benghalensis,1.0,2.0,,2.0,0.0,,,2.0,1.0,,2015,40,28.59913,77.0694,111708.0,14755.0,7874.0
14,2015-11-17,Banyan-Ficus benghalensis,1.0,2.0,,1.0,0.0,,,2.0,1.0,,2015,41,28.59913,77.0694,112440.0,14755.0,7874.0
15,2016-03-08,Banyan-Ficus benghalensis,0.0,1.0,,0.0,0.0,,,0.0,1.0,,2016,8,28.59913,77.0694,126770.0,14755.0,7874.0
16,2016-09-20,Banyan-Ficus benghalensis,0.0,2.0,,0.0,0.0,,,1.0,2.0,,2016,33,28.59913,77.0694,137678.0,14755.0,7874.0
17,2016-09-06,Banyan-Ficus benghalensis,1.0,2.0,,0.0,0.0,,,0.0,2.0,,2016,32,28.59913,77.0694,137471.0,14755.0,7874.0
18,2016-09-13,Banyan-Ficus benghalensis,1.0,2.0,,0.0,0.0,,,0.0,2.0,,2016,33,28.59913,77.0694,137472.0,14755.0,7874.0
19,2016-08-30,Banyan-Ficus benghalensis,0.0,2.0,,0.0,0.0,,,0.0,2.0,,2016,31,28.59913,77.0694,137470.0,14755.0,7874.0
20,2016-08-23,Banyan-Ficus benghalensis,0.0,2.0,,0.0,0.0,,,0.0,2.0,,2016,30,28.59913,77.0694,137469.0,14755.0,7874.0
21,2016-09-27,Banyan-Ficus benghalensis,0.0,2.0,,0.0,1.0,,,1.0,2.0,,2016,34,28.59913,77.0694,138467.0,14755.0,7874.0
22,2016-08-09,Banyan-Ficus benghalensis,1.0,2.0,,0.0,0.0,,,1.0,2.0,,2016,28,28.59913,77.0694,135745.0,14755.0,7874.0
23,2016-08-16,Banyan-Ficus benghalensis,1.0,2.0,,0.0,0.0,,,1.0,2.0,,2016,29,28.59913,77.0694,135746.0,14755.0,7874.0
24,2016-03-15,Banyan-Ficus benghalensis,0.0,1.0,,1.0,1.0,,,2.0,0.0,,2016,9,28.59913,77.0694,128045.0,14755.0,7874.0
25,2016-04-12,Banyan-Ficus benghalensis,2.0,1.0,,1.0,0.0,,,0.0,0.0,,2016,13,28.59913,77.0694,128048.0,14755.0,7874.0
26,2016-03-29,Banyan-Ficus benghalensis,2.0,1.0,,0.0,0.0,,,0.0,0.0,,2016,11,28.59913,77.0694,128049.0,14755.0,7874.0
27,2016-04-05,Banyan-Ficus benghalensis,2.0,1.0,,0.0,0.0,,,0.0,0.0,,2016,12,28.59913,77.0694,128047.0,14755.0,7874.0
28,2016-03-22,Banyan-Ficus benghalensis,0.0,1.0,,1.0,0.0,,,2.0,0.0,,2016,10,28.59913,77.0694,128046.0,14755.0,7874.0
29,2016-01-12,Banyan-Ficus benghalensis,0.0,2.0,,0.0,0.0,,,0.0,0.0,,2016,1,28.59913,77.0694,118750.0,14755.0,7874.0
30,2015-12-15,Banyan-Ficus benghalensis,1.0,2.0,,0.0,0.0,,,2.0,1.0,,2015,44,28.59913,77.0694,117712.0,14755.0,7874.0
31,2015-12-29,Banyan-Ficus benghalensis,1.0,2.0,,0.0,0.0,,,0.0,1.0,,2015,46,28.59913,77.0694,117716.0,14755.0,7874.0
32,2015-12-22,Banyan-Ficus benghalensis,1.0,2.0,,0.0,0.0,,,0.0,1.0,,2015,45,28.59913,77.0694,117713.0,14755.0,7874.0
33,2016-08-02,Banyan-Ficus benghalensis,1.0,2.0,,1.0,0.0,,,1.0,2.0,,2016,27,28.59913,77.0694,135032.0,14755.0,7874.0
34,2016-01-05,Banyan-Ficus benghalensis,0.0,2.0,,0.0,0.0,,,0.0,1.0,,2016,0,28.59913,77.0694,117715.0,14755.0,7874.0
35,2016-01-05,Banyan-Ficus benghalensis,0.0,2.0,,0.0,0.0,,,0.0,1.0,,2016,0,28.59913,77.0694,117711.0,14755.0,7874.0
36,2016-02-02,Banyan-Ficus benghalensis,0.0,2.0,,0.0,0.0,,,0.0,0.0,,2016,4,28.59913,77.0694,121016.0,14755.0,7874.0
37,2019-03-18,Banyan-Ficus benghalensis,0.0,2.0,1.0,-2.0,-2.0,-2.0,-2.0,0.0,2.0,-2.0,2019,9,28.55788,77.17382,302845.0,20195.0,43021.0
38,2015-12-08,Banyan-Ficus benghalensis,0.0,2.0,,0.0,0.0,,,0.0,1.0,,2015,44,28.59913,77.0694,114045.0,14755.0,7874.0
39,2023-11-14,Banyan-Ficus benghalensis,1.0,2.0,1.0,-2.0,-2.0,-2.0,-2.0,0.0,0.0,-2.0,2023,40,28.63042,77.21772,704942.0,28456.0,148579.0
40,2016-01-19,Banyan-Ficus benghalensis,0.0,2.0,,0.0,0.0,,,0.0,0.0,,2016,2,28.59913,77.0694,119168.0,14755.0,7874.0
41,2016-07-19,Banyan-Ficus benghalensis,1.0,2.0,,0.0,0.0,,,0.0,2.0,,2016,25,28.59913,77.0694,133902.0,14755.0,7874.0
42,2016-07-12,Banyan-Ficus benghalensis,0.0,2.0,,0.0,0.0,,,0.0,2.0,,2016,24,28.59913,77.0694,133901.0,14755.0,7874.0
43,2016-07-05,Banyan-Ficus benghalensis,1.0,2.0,,0.0,0.0,,,0.0,2.0,,2016,24,28.59913,77.0694,133900.0,14755.0,7874.0
44,2016-06-28,Banyan-Ficus benghalensis,1.0,2.0,,0.0,0.0,,,0.0,2.0,,2016,23,28.59913,77.0694,133899.0,14755.0,7874.0
45,2016-06-21,Banyan-Ficus benghalensis,1.0,2.0,,1.0,0.0,,,0.0,2.0,,2016,22,28.59913,77.0694,133898.0,14755.0,7874.0
46,2016-06-14,Banyan-Ficus benghalensis,1.0,2.0,,1.0,0.0,,,0.0,2.0,,2016,21,28.59913,77.0694,133897.0,14755.0,7874.0
47,2016-06-07,Banyan-Ficus benghalensis,1.0,2.0,,1.0,0.0,,,1.0,2.0,,2016,20,28.59913,77.0694,133896.0,14755.0,7874.0
48,2016-05-31,Banyan-Ficus benghalensis,1.0,2.0,,1.0,0.0,,,1.0,2.0,,2016,19,28.59913,77.0694,133895.0,14755.0,7874.0
49,2016-05-24,Banyan-Ficus benghalensis,1.0,2.0,,1.0,0.0,,,1.0,2.0,,2016,18,28.59913,77.0694,133894.0,14755.0,7874.0
50,2016-05-17,Banyan-Ficus benghalensis,1.0,2.0,,1.0,0.0,,,1.0,1.0,,2016,17,28.59913,77.0694,133893.0,14755.0,7874.0
51,2016-05-10,Banyan-Ficus benghalensis,1.0,2.0,,1.0,0.0,,,1.0,1.0,,2016,16,28.59913,77.0694,133892.0,14755.0,7874.0
52,2016-05-04,Banyan-Ficus benghalensis,0.0,2.0,,0.0,0.0,,,0.0,0.0,,2016,16,28.59913,77.0694,128880.0,14755.0,7874.0
53,2016-01-26,Banyan-Ficus benghalensis,0.0,2.0,,0.0,0.0,,,0.0,0.0,,2016,3,28.59913,77.0694,120350.0,14755.0,7874.0
54,2016-10-11,Banyan-Ficus benghalensis,1.0,2.0,,0.0,1.0,,,1.0,2.0,,2016,36,28.59913,77.0694,141600.0,14755.0,7874.0
55,2023-11-04,Champa-Michelia champaca,1.0,2.0,1.0,0.0,1.0,-2.0,-2.0,0.0,0.0,0.0,2023,39,28.64151,77.17806,700044.0,28461.0,147564.0
56,2023-11-04,Chiku Sapodilla-Manilkara zapotaÂ†,1.0,2.0,1.0,0.0,0.0,-2.0,-2.0,0.0,0.0,-2.0,2023,39,28.64123,77.17779,700127.0,28461.0,147594.0
57,2019-09-16,Chinaberry-Melia azedarach,1.0,2.0,0.0,0.0,0.0,-2.0,-2.0,2.0,0.0,-2.0,2019,33,28.49799,77.14786,357493.0,19387.0,76369.0
58,2020-03-30,Chinaberry-Melia azedarach,2.0,0.0,0.0,0.0,2.0,-2.0,-2.0,0.0,2.0,-2.0,2020,11,28.59217,77.14836,410813.0,21789.0,89601.0
59,2019-03-15,Chinaberry-Melia azedarach,2.0,0.0,1.0,0.0,0.0,-2.0,-2.0,0.0,1.0,-2.0,2019,9,28.63889,77.11645,290302.0,17807.0,31234.0
60,2022-04-22,Coconut palm-Cocos nucifera,2.0,1.0,1.0,2.0,2.0,-2.0,-2.0,2.0,2.0,-2.0,2022,14,28.59476,77.22938,585156.0,22046.0,113089.0
61,2019-09-16,Country Fig-Ficus racemosa,1.0,2.0,1.0,-2.0,-2.0,-2.0,-2.0,2.0,1.0,-2.0,2019,33,28.49799,77.14786,357477.0,19387.0,76352.0
62,2019-09-16,Country Fig-Ficus racemosa,1.0,2.0,0.0,-2.0,-2.0,-2.0,-2.0,2.0,1.0,-2.0,2019,33,28.49799,77.14786,357474.0,19387.0,76349.0
63,2018-05-05,Country Fig-Ficus racemosa,1.0,2.0,,-1.0,-1.0,,,2.0,-1.0,,2018,16,28.63876,77.11634,202600.0,17807.0,11166.0
64,2018-06-12,Country Fig-Ficus racemosa,1.0,2.0,,0.0,0.0,,,2.0,0.0,,2018,20,28.63876,77.11634,203903.0,17807.0,11166.0
65,2018-04-04,Country Fig-Ficus racemosa,1.0,2.0,,-1.0,-1.0,,,2.0,2.0,,2018,12,28.63876,77.11634,201631.0,17807.0,11166.0
66,2019-03-15,Country Fig-Ficus racemosa,1.0,2.0,0.0,0.0,0.0,-2.0,-2.0,2.0,0.0,-2.0,2019,9,28.63876,77.11634,290285.0,17807.0,11166.0
67,2023-11-09,Crepe Jasmine-Tabernaemontana divaricata,1.0,2.0,1.0,0.0,0.0,-2.0,-2.0,0.0,0.0,0.0,2023,40,28.64126,77.17759,701558.0,28461.0,148018.0
68,2019-06-11,Curry leaf plant-Murraya koenigii,2.0,0.0,0.0,-2.0,-2.0,-2.0,-2.0,-2.0,-2.0,-2.0,2019,20,28.63347,77.14794,314203.0,20356.0,46852.0
69,2019-12-15,Devil's Tree-Alstonia scholaris,2.0,2.0,1.0,1.0,1.0,-2.0,-2.0,1.0,-1.0,1.0,2019,44,28.52442,77.21443,381706.0,19387.0,76731.0
70,2023-12-10,Devil's Tree-Alstonia scholaris,1.0,2.0,0.0,-1.0,2.0,-2.0,-2.0,0.0,0.0,0.0,2023,44,28.62388,77.14239,714449.0,28572.0,153407.0
71,2019-10-25,Devil's Tree-Alstonia scholaris,-2.0,-2.0,-2.0,2.0,0.0,-2.0,-2.0,-2.0,-2.0,-2.0,2019,38,28.7041,77.10251,365254.0,18284.0,76697.0
72,2019-11-12,Devil's Tree-Alstonia scholaris,2.0,2.0,1.0,1.0,1.0,-2.0,-2.0,0.0,0.0,0.0,2019,40,28.52442,77.21443,372338.0,19387.0,76731.0
73,2023-12-15,Devil's Tree-Alstonia scholaris,1.0,2.0,1.0,-1.0,2.0,0.0,0.0,0.0,0.0,0.0,2023,44,28.62388,77.14239,715356.0,28572.0,153407.0
74,2022-09-02,Devil's Tree-Alstonia scholaris,2.0,2.0,0.0,0.0,0.0,-2.0,-2.0,0.0,0.0,0.0,2022,31,28.52754,77.25259,610793.0,17259.0,122202.0
75,2023-12-02,Devil's Tree-Alstonia scholaris,0.0,2.0,1.0,2.0,2.0,-2.0,-2.0,0.0,0.0,-2.0,2023,43,28.62955,77.24483,709536.0,24423.0,151558.0
76,2019-12-01,Devil's Tree-Alstonia scholaris,2.0,2.0,1.0,0.0,0.0,-2.0,-2.0,-1.0,-1.0,1.0,2019,43,28.52442,77.21443,375475.0,19387.0,76731.0
77,2021-11-21,Devil's Tree-Alstonia scholaris,-1.0,2.0,-1.0,0.0,2.0,-2.0,-2.0,-2.0,-2.0,-2.0,2021,41,28.63429,77.21916,543364.0,24223.0,107149.0
78,2020-01-04,Devil's Tree-Alstonia scholaris,1.0,2.0,1.0,0.0,0.0,-2.0,-2.0,0.0,-1.0,1.0,2020,0,28.52442,77.21443,389695.0,19387.0,76731.0
79,2022-03-19,Devil's Tree-Alstonia scholaris,-1.0,2.0,1.0,0.0,0.0,0.0,0.0,2.0,0.0,0.0,2022,10,28.52442,77.21443,580443.0,19387.0,76731.0
80,2023-12-04,Devil's Tree-Alstonia scholaris,1.0,2.0,0.0,-1.0,2.0,0.0,0.0,0.0,0.0,0.0,2023,43,28.62388,77.14239,712276.0,28572.0,153407.0
81,2020-03-29,Devil's Tree-Alstonia scholaris,0.0,2.0,0.0,0.0,1.0,-2.0,-2.0,2.0,0.0,0.0,2020,11,28.59217,77.14836,410560.0,21789.0,87858.0
82,2023-11-04,Devil's Tree-Alstonia scholaris,1.0,2.0,1.0,1.0,0.0,-2.0,-2.0,0.0,0.0,0.0,2023,39,28.64132,77.17807,700133.0,28461.0,147600.0
83,2019-03-18,Devil's Tree-Alstonia scholaris,0.0,2.0,1.0,-2.0,-2.0,-2.0,-2.0,-1.0,-1.0,0.0,2019,9,28.60257,77.19227,302712.0,20195.0,42888.0
84,2021-11-25,Drumstick tree-Moringa oleifera,1.0,2.0,1.0,0.0,0.0,0.0,0.0,0.0,0.0,0.0,2021,42,28.59091,77.2227,544511.0,19387.0,76706.0
85,2021-01-22,Drumstick tree-Moringa oleifera,1.0,2.0,1.0,2.0,1.0,0.0,0.0,0.0,0.0,0.0,2021,2,28.59091,77.2227,468966.0,19387.0,76706.0
86,2023-11-09,Drumstick tree-Moringa oleifera,1.0,2.0,1.0,1.0,2.0,-2.0,-2.0,1.0,0.0,-2.0,2023,40,28.63993,77.17847,701810.0,28461.0,148060.0
87,2019-11-28,Drumstick tree-Moringa oleifera,2.0,2.0,1.0,1.0,1.0,-2.0,-2.0,0.0,0.0,-2.0,2019,42,28.59091,77.2227,374972.0,19387.0,76706.0
88,2019-11-01,Drumstick tree-Moringa oleifera,1.0,2.0,2.0,1.0,0.0,-2.0,-2.0,0.0,0.0,-2.0,2019,39,28.59091,77.2227,367860.0,19387.0,76706.0
89,2020-02-05,Drumstick tree-Moringa oleifera,0.0,2.0,1.0,0.0,0.0,-2.0,-2.0,0.0,0.0,-2.0,2020,4,28.59091,77.2227,396764.0,19387.0,76706.0
90,2018-11-19,Drumstick tree-Moringa oleifera,-1.0,2.0,-1.0,-1.0,1.0,-2.0,-2.0,-2.0,2.0,-2.0,2018,41,28.60185,77.22727,229447.0,17807.0,12632.0
91,2020-02-25,Drumstick tree-Moringa oleifera,1.0,2.0,1.0,1.0,1.0,-2.0,-2.0,0.0,0.0,-2.0,2020,7,28.59091,77.2227,402941.0,19387.0,76706.0
92,2023-11-09,Soft fig-Ficus mollis,1.0,2.0,1.0,-2.0,-2.0,-2.0,-2.0,0.0,0.0,-2.0,2023,40,28.64112,77.17771,701555.0,28461.0,148015.0
93,2019-09-16,Fish-tail Palm-Caryota urens,0.0,1.0,2.0,0.0,0.0,-2.0,-2.0,0.0,0.0,-2.0,2019,33,28.49799,77.14786,357479.0,19387.0,76355.0
94,2023-11-29,Fish-tail Palm-Caryota urens,1.0,2.0,2.0,-1.0,-1.0,-2.0,-2.0,-1.0,-1.0,-2.0,2023,42,28.63084,77.24624,707460.0,24423.0,150101.0
95,2017-04-02,Fish-tail Palm-Caryota urens,0.0,2.0,,0.0,0.0,,,2.0,-1.0,,2017,11,28.63667,77.21495,164714.0,16871.0,9784.0
96,2023-11-04,Flame of the Forest-Butea monosperma,0.0,2.0,1.0,0.0,0.0,-2.0,-2.0,0.0,0.0,-2.0,2023,39,28.64143,77.17763,700131.0,28461.0,147598.0
97,2019-03-20,Flame of the Forest-Butea monosperma,0.0,1.0,1.0,1.0,2.0,-2.0,-2.0,0.0,0.0,-2.0,2019,10,28.64397,77.21817,304847.0,18848.0,44771.0
98,2020-01-23,Floss Silk Tree-Ceiba speciosa,1.0,2.0,1.0,1.0,1.0,-2.0,-2.0,1.0,0.0,0.0,2020,2,28.59119,77.22315,392394.0,19387.0,76705.0
99,2020-03-12,Floss Silk Tree-Ceiba speciosa,1.0,1.0,0.0,0.0,0.0,-2.0,-2.0,1.0,1.0,0.0,2020,9,28.59119,77.22315,406539.0,19387.0,76705.0
100,2020-02-06,Floss Silk Tree-Ceiba speciosa,0.0,2.0,1.0,1.0,1.0,-2.0,-2.0,1.0,0.0,0.0,2020,4,28.59119,77.22315,396971.0,19387.0,76705.0
101,2020-01-03,Floss Silk Tree-Ceiba speciosa,1.0,2.0,1.0,1.0,1.0,-2.0,-2.0,1.0,0.0,0.0,2020,0,28.59119,77.22315,389540.0,19387.0,76705.0
102,2019-11-13,Floss Silk Tree-Ceiba speciosa,1.0,2.0,1.0,2.0,1.0,-2.0,-2.0,0.0,0.0,0.0,2019,40,28.59119,77.22315,372714.0,19387.0,76705.0
103,2019-10-30,Floss Silk Tree-Ceiba speciosa,1.0,2.0,1.0,1.0,1.0,-2.0,-2.0,1.0,0.0,0.0,2019,39,28.59119,77.22315,366977.0,19387.0,76705.0
104,2019-12-16,Floss Silk Tree-Ceiba speciosa,1.0,2.0,1.0,1.0,1.0,-2.0,-2.0,1.0,0.0,0.0,2019,45,28.59119,77.22315,382119.0,19387.0,76705.0
105,2019-11-29,Floss Silk Tree-Ceiba speciosa,1.0,2.0,1.0,1.0,1.0,-2.0,-2.0,1.0,0.0,0.0,2019,42,28.59119,77.22315,375105.0,19387.0,76705.0
106,2020-10-22,Floss Silk Tree-Ceiba speciosa,2.0,2.0,1.0,2.0,2.0,0.0,0.0,0.0,0.0,0.0,2020,38,28.59119,77.22315,448232.0,19387.0,76705.0
107,2019-11-22,Floss Silk Tree-Ceiba speciosa,1.0,2.0,1.0,2.0,1.0,-2.0,-2.0,0.0,0.0,0.0,2019,41,28.59119,77.22315,374019.0,19387.0,76705.0
108,2020-02-25,Floss Silk Tree-Ceiba speciosa,1.0,1.0,1.0,0.0,1.0,-2.0,-2.0,1.0,0.0,0.0,2020,7,28.59119,77.22315,402943.0,19387.0,76705.0
109,2021-03-04,Floss Silk Tree-Ceiba speciosa,0.0,1.0,0.0,0.0,0.0,0.0,0.0,1.0,0.0,0.0,2021,8,28.59119,77.22315,487062.0,19387.0,76705.0
110,2021-03-16,Floss Silk Tree-Ceiba speciosa,2.0,0.0,0.0,0.0,0.0,0.0,0.0,1.0,0.0,0.0,2021,9,28.59119,77.22315,492025.0,19387.0,76705.0
111,2022-12-20,Floss Silk Tree-Ceiba speciosa,1.0,1.0,1.0,1.0,1.0,0.0,0.0,1.0,0.0,0.0,2022,45,28.59119,77.22315,629838.0,19387.0,76705.0
112,2021-01-22,Floss Silk Tree-Ceiba speciosa,1.0,1.0,0.0,1.0,1.0,0.0,0.0,1.0,0.0,0.0,2021,2,28.59119,77.22315,468967.0,19387.0,76705.0
113,2019-12-02,Floss Silk Tree-Ceiba speciosa,0.0,1.0,1.0,2.0,2.0,-2.0,-2.0,0.0,0.0,0.0,2019,43,28.59119,77.22315,375710.0,19387.0,77053.0
114,2020-01-29,Floss Silk Tree-Ceiba speciosa,1.0,2.0,1.0,1.0,1.0,-2.0,-2.0,1.0,-1.0,0.0,2020,3,28.59119,77.22315,394809.0,19387.0,76705.0
115,2021-07-14,Floss Silk Tree-Ceiba speciosa,2.0,2.0,1.0,0.0,0.0,0.0,0.0,0.0,0.0,-1.0,2021,25,28.59119,77.22315,512404.0,19387.0,76705.0
116,2023-04-28,Frangipani-Plumeria rubra,1.0,2.0,0.0,1.0,2.0,-2.0,-2.0,0.0,0.0,-2.0,2023,15,28.55397,77.20744,659724.0,27120.0,135820.0
117,2023-12-10,Frangipani-Plumeria rubra,1.0,2.0,0.0,-1.0,1.0,0.0,0.0,0.0,0.0,0.0,2023,44,28.62378,77.14365,714386.0,28572.0,151750.0
118,2023-12-02,Frangipani-Plumeria rubra,1.0,2.0,0.0,1.0,1.0,-2.0,-2.0,0.0,0.0,-2.0,2023,43,28.62378,77.14365,709817.0,28572.0,151750.0
119,2022-04-22,Ghost Tree-Sterculia urens,0.0,0.0,0.0,-2.0,1.0,-2.0,-2.0,1.0,2.0,-1.0,2022,14,28.48274,77.1113,588283.0,24564.0,115204.0
120,2022-04-15,Guava tree-Psidium guajava,2.0,1.0,1.0,2.0,2.0,-2.0,-2.0,2.0,0.0,-2.0,2022,13,28.59476,77.22938,584254.0,22046.0,112848.0
121,2022-04-24,Guava tree-Psidium guajava,1.0,2.0,1.0,0.0,0.0,-2.0,-2.0,0.0,0.0,-2.0,2022,14,28.74062,77.03634,586716.0,23398.0,114013.0
122,2023-11-09,Guava tree-Psidium guajava,1.0,2.0,1.0,0.0,0.0,-2.0,-2.0,1.0,0.0,-2.0,2023,40,28.64143,77.17763,701550.0,28461.0,148010.0
123,2019-06-11,Guava tree-Psidium guajava,1.0,1.0,0.0,-2.0,-2.0,-2.0,-2.0,-2.0,-2.0,-2.0,2019,20,28.63662,77.14632,314202.0,20356.0,46851.0
124,2015-04-26,Gulmohur-Delonix regia,2.0,0.0,,2.0,1.0,,,1.0,0.0,,2015,14,28.675,77.09883,95461.0,10087.0,3608.0
125,2014-09-02,Gulmohur-Delonix regia,0.0,1.0,,0.0,0.0,,,1.0,0.0,,2014,31,28.675,77.09883,73040.0,10087.0,3608.0
126,2015-05-24,Gulmohur-Delonix regia,1.0,2.0,,2.0,2.0,,,1.0,0.0,,2015,18,28.675,77.09883,96762.0,10087.0,3608.0
127,2015-09-27,Gulmohur-Delonix regia,1.0,2.0,,1.0,2.0,,,1.0,2.0,,2015,34,28.675,77.09883,106364.0,10087.0,3608.0
128,2023-11-12,Gulmohur-Delonix regia,2.0,2.0,1.0,0.0,0.0,-2.0,-2.0,0.0,0.0,0.0,2023,40,28.52062,77.21408,704931.0,28456.0,148569.0
129,2015-08-02,Gulmohur-Delonix regia,1.0,2.0,,2.0,2.0,,,1.0,1.0,,2015,27,28.675,77.09883,101675.0,10087.0,3608.0
130,2015-07-19,Gulmohur-Delonix regia,1.0,2.0,,2.0,1.0,,,1.0,1.0,,2015,25,28.675,77.09883,100386.0,10087.0,3608.0
131,2023-11-09,Gulmohur-Delonix regia,1.0,2.0,1.0,0.0,0.0,-2.0,-2.0,0.0,0.0,0.0,2023,40,28.64126,77.17759,701551.0,28461.0,148011.0
132,2015-04-19,Gulmohur-Delonix regia,2.0,0.0,,2.0,0.0,,,2.0,1.0,,2015,14,28.675,77.09883,94919.0,10087.0,3608.0
133,2016-07-24,Gulmohur-Delonix regia,1.0,2.0,,1.0,1.0,,,1.0,1.0,,2016,26,28.675,77.09883,134086.0,10087.0,3608.0
134,2014-01-26,Gulmohur-Delonix regia,0.0,2.0,,0.0,0.0,,,1.0,0.0,,2014,3,28.675,77.09883,71949.0,10087.0,3608.0
135,2023-05-17,Gulmohur-Delonix regia,1.0,2.0,0.0,0.0,0.0,-2.0,-2.0,0.0,0.0,-2.0,2023,17,28.56969,77.26029,663045.0,20419.0,136608.0
136,2015-05-03,Gulmohur-Delonix regia,2.0,1.0,,2.0,2.0,,,2.0,0.0,,2015,15,28.675,77.09883,95715.0,10087.0,3608.0
137,2016-07-31,Gulmohur-Delonix regia,1.0,2.0,,1.0,1.0,,,1.0,1.0,,2016,27,28.675,77.09883,134506.0,10087.0,3608.0
138,2015-09-06,Gulmohur-Delonix regia,1.0,2.0,,1.0,1.0,,,1.0,1.0,,2015,32,28.675,77.09883,104065.0,10087.0,3608.0
139,2014-02-02,Gulmohur-Delonix regia,0.0,1.0,,0.0,0.0,,,1.0,0.0,,2014,4,28.675,77.09883,72419.0,10087.0,3608.0
140,2015-09-13,Gulmohur-Delonix regia,1.0,2.0,,1.0,1.0,,,2.0,2.0,,2015,32,28.675,77.09883,105092.0,10087.0,3608.0
141,2015-08-23,Gulmohur-Delonix regia,1.0,2.0,,1.0,1.0,,,2.0,1.0,,2015,30,28.675,77.09883,102968.0,10087.0,3608.0
142,2015-08-16,Gulmohur-Delonix regia,2.0,2.0,,1.0,2.0,,,2.0,1.0,,2015,29,28.675,77.09883,102708.0,10087.0,3608.0
143,2015-05-10,Gulmohur-Delonix regia,1.0,2.0,,2.0,2.0,,,1.0,0.0,,2015,16,28.675,77.09883,95939.0,10087.0,3608.0
144,2015-08-21,Gulmohur-Delonix regia,1.0,1.0,,0.0,0.0,,,0.0,0.0,,2015,30,28.59666,77.24554,103772.0,11622.0,5033.0
145,2015-08-21,Gulmohur-Delonix regia,1.0,1.0,,0.0,0.0,,,0.0,0.0,,2015,30,28.59666,77.24554,103770.0,11622.0,5087.0
146,2015-08-30,Gulmohur-Delonix regia,1.0,2.0,,1.0,1.0,,,1.0,1.0,,2015,31,28.675,77.09883,103427.0,10087.0,3608.0
147,2016-07-04,Gulmohur-Delonix regia,1.0,2.0,,1.0,1.0,,,1.0,1.0,,2016,23,28.675,77.09883,131973.0,10087.0,3608.0
148,2016-06-29,Gulmohur-Delonix regia,1.0,2.0,,0.0,0.0,,,1.0,1.0,,2016,23,28.675,77.09883,131846.0,10087.0,3608.0
149,2015-11-01,Gulmohur-Delonix regia,1.0,2.0,,0.0,0.0,,,1.0,2.0,,2015,39,28.675,77.09883,110711.0,10087.0,3608.0
150,2014-12-01,Gulmohur-Delonix regia,1.0,2.0,,0.0,0.0,,,1.0,0.0,,2014,43,28.675,77.09883,70854.0,10087.0,3608.0
151,2015-07-05,Gulmohur-Delonix regia,1.0,2.0,,1.0,1.0,,,1.0,1.0,,2015,23,28.675,77.09883,99449.0,10087.0,3608.0
152,2014-06-22,Gulmohur-Delonix regia,1.0,2.0,,2.0,1.0,,,1.0,1.0,,2014,22,28.675,77.09883,78874.0,10087.0,3608.0
153,2015-03-29,Gulmohur-Delonix regia,1.0,0.0,,0.0,0.0,,,2.0,0.0,,2015,11,28.675,77.09883,93702.0,10087.0,3608.0
154,2014-06-30,Gulmohur-Delonix regia,1.0,2.0,,1.0,1.0,,,1.0,2.0,,2014,23,28.675,77.09883,78938.0,10087.0,3608.0
155,2014-09-03,Gulmohur-Delonix regia,0.0,1.0,,0.0,0.0,,,1.0,0.0,,2014,31,28.675,77.09883,76899.0,10087.0,3608.0
156,2014-06-15,Gulmohur-Delonix regia,1.0,2.0,,2.0,1.0,,,1.0,2.0,,2014,21,28.675,77.09883,78671.0,10087.0,3608.0
157,2014-04-20,Gulmohur-Delonix regia,2.0,0.0,,0.0,0.0,,,1.0,0.0,,2014,14,28.675,77.09883,77711.0,10087.0,3608.0
158,2015-03-22,Gulmohur-Delonix regia,1.0,1.0,,0.0,0.0,,,1.0,0.0,,2015,10,28.675,77.09883,93335.0,10087.0,3608.0
159,2014-03-30,Gulmohur-Delonix regia,1.0,1.0,,0.0,0.0,,,1.0,0.0,,2014,11,28.675,77.09883,77419.0,10087.0,3608.0
160,2016-06-18,Gulmohur-Delonix regia,1.0,2.0,,1.0,1.0,,,1.0,2.0,,2016,21,28.675,77.09883,131289.0,10087.0,3608.0
161,2014-06-04,Gulmohur-Delonix regia,1.0,1.0,,0.0,0.0,,,1.0,0.0,,2014,19,28.675,77.09883,77448.0,10087.0,3608.0
162,2014-04-13,Gulmohur-Delonix regia,2.0,1.0,,0.0,0.0,,,1.0,0.0,,2014,13,28.675,77.09883,77457.0,10087.0,3608.0
163,2014-05-25,Gulmohur-Delonix regia,2.0,2.0,,2.0,2.0,,,1.0,0.0,,2014,18,28.675,77.09883,78282.0,10087.0,3608.0
164,2014-08-06,Gulmohur-Delonix regia,1.0,2.0,,0.0,0.0,,,0.0,0.0,,2014,28,28.675,77.09883,78431.0,10087.0,3608.0
165,2014-03-16,Gulmohur-Delonix regia,0.0,1.0,,0.0,0.0,,,1.0,0.0,,2014,9,28.675,77.09883,77101.0,10087.0,3608.0
166,2014-01-06,Gulmohur-Delonix regia,1.0,2.0,,2.0,1.0,,,1.0,0.0,,2014,0,28.675,77.09883,78360.0,10087.0,3608.0
167,2015-06-28,Gulmohur-Delonix regia,1.0,2.0,,1.0,1.0,,,1.0,1.0,,2015,23,28.675,77.09883,99078.0,10087.0,3608.0
168,2014-11-05,Gulmohur-Delonix regia,2.0,1.0,,2.0,2.0,,,1.0,0.0,,2014,39,28.675,77.09883,78020.0,10087.0,3608.0
169,2014-04-27,Gulmohur-Delonix regia,2.0,1.0,,2.0,1.0,,,0.0,0.0,,2014,15,28.675,77.09883,77884.0,10087.0,3608.0
170,2014-04-05,Gulmohur-Delonix regia,2.0,1.0,,2.0,1.0,,,1.0,0.0,,2014,12,28.675,77.09883,77890.0,10087.0,3608.0
171,2014-03-23,Gulmohur-Delonix regia,0.0,1.0,,0.0,0.0,,,1.0,0.0,,2014,10,28.675,77.09883,77268.0,10087.0,3608.0
172,2014-05-18,Gulmohur-Delonix regia,1.0,2.0,,2.0,2.0,,,1.0,0.0,,2014,17,28.675,77.09883,78080.0,10087.0,3608.0
173,2015-04-06,Gulmohur-Delonix regia,2.0,0.0,,0.0,0.0,,,2.0,1.0,,2015,12,28.675,77.09883,94081.0,10087.0,3608.0
174,2016-08-10,Gulmohur-Delonix regia,1.0,2.0,,1.0,1.0,,,1.0,1.0,,2016,28,28.675,77.09883,135362.0,10087.0,3608.0
175,2014-05-01,Gulmohur-Delonix regia,1.0,2.0,,0.0,0.0,,,1.0,0.0,,2014,15,28.675,77.09883,70389.0,10087.0,3608.0
176,2014-02-16,Gulmohur-Delonix regia,0.0,1.0,,0.0,0.0,,,1.0,0.0,,2014,6,28.675,77.09883,74140.0,10087.0,3608.0
177,2015-04-12,Gulmohur-Delonix regia,2.0,0.0,,0.0,0.0,,,2.0,1.0,,2015,13,28.675,77.09883,94199.0,10087.0,3608.0
178,2015-10-04,Gulmohur-Delonix regia,1.0,2.0,,1.0,1.0,,,1.0,1.0,,2015,35,28.675,77.09883,107115.0,10087.0,3608.0
179,2015-07-12,Gulmohur-Delonix regia,1.0,2.0,,1.0,1.0,,,1.0,1.0,,2015,24,28.675,77.09883,99829.0,10087.0,3608.0
180,2014-06-07,Gulmohur-Delonix regia,1.0,2.0,,1.0,1.0,,,2.0,1.0,,2014,20,28.675,77.09883,79549.0,10087.0,3608.0
181,2014-02-03,Gulmohur-Delonix regia,0.0,1.0,,0.0,0.0,,,1.0,0.0,,2014,4,28.675,77.09883,76690.0,10087.0,3608.0
182,2014-02-23,Gulmohur-Delonix regia,0.0,1.0,,0.0,0.0,,,1.0,0.0,,2014,6,28.675,77.09883,76455.0,10087.0,3608.0
183,2014-01-19,Gulmohur-Delonix regia,1.0,1.0,,0.0,0.0,,,1.0,0.0,,2014,2,28.675,77.09883,71298.0,10087.0,3608.0
184,2014-07-20,Gulmohur-Delonix regia,1.0,2.0,,0.0,0.0,,,-1.0,2.0,,2014,25,28.675,77.09883,79984.0,10087.0,3608.0
185,2014-10-08,Gulmohur-Delonix regia,1.0,2.0,,1.0,1.0,,,2.0,1.0,,2014,36,28.675,77.09883,80247.0,10087.0,3608.0
186,2016-07-10,Gulmohur-Delonix regia,2.0,2.0,,1.0,1.0,,,1.0,1.0,,2016,24,28.675,77.09883,132687.0,10087.0,3608.0
187,2014-07-27,Gulmohur-Delonix regia,1.0,2.0,,1.0,1.0,,,1.0,2.0,,2014,26,28.675,77.09883,80088.0,10087.0,3608.0
188,2021-08-30,Indian Cork Tree-Millingtonia hortensis,2.0,2.0,2.0,2.0,2.0,-2.0,-2.0,-1.0,0.0,0.0,2021,31,28.72087,77.1411,523328.0,15210.0,102847.0
189,2023-11-09,Indian Mulberry-Morinda pubescens,1.0,2.0,1.0,0.0,0.0,-2.0,-2.0,0.0,0.0,-2.0,2023,40,28.64172,77.1777,701552.0,28461.0,148012.0
190,2020-03-01,Indian Coral-Erythrina indica,0.0,0.0,0.0,2.0,2.0,-2.0,-2.0,0.0,0.0,0.0,2020,7,28.56194,77.1337,403831.0,17259.0,87056.0
191,2020-03-01,Indian Coral-Erythrina indica,0.0,0.0,0.0,2.0,2.0,-2.0,-2.0,-2.0,0.0,0.0,2020,7,28.56194,77.1337,403834.0,17259.0,87059.0
192,2019-09-16,Indian Elm-Holoptelea integrifolia,1.0,2.0,1.0,0.0,0.0,0.0,-2.0,0.0,0.0,-2.0,2019,33,28.49799,77.14786,357482.0,19387.0,76358.0
193,2019-09-16,Indian Laburnum-Cassia fistula,2.0,2.0,1.0,0.0,0.0,-2.0,-2.0,0.0,2.0,-2.0,2019,33,28.49799,77.14786,357483.0,19387.0,76359.0
194,2023-11-29,Indian Laburnum-Cassia fistula,0.0,2.0,2.0,0.0,0.0,-2.0,-2.0,-2.0,2.0,-2.0,2023,42,28.63084,77.24624,707461.0,24423.0,150102.0
195,2023-05-24,Indian Laburnum-Cassia fistula,1.0,1.0,0.0,1.0,2.0,0.0,0.0,0.0,0.0,0.0,2023,18,28.55397,77.20744,664544.0,27120.0,130864.0
196,2019-07-01,Indian Laburnum-Cassia fistula,1.0,1.0,,2.0,2.0,,,0.0,1.0,,2019,23,28.60186,77.19358,337648.0,20535.0,67844.0
197,2023-11-12,Indian Laburnum-Cassia fistula,1.0,2.0,2.0,0.0,0.0,-2.0,-2.0,0.0,0.0,-2.0,2023,40,28.52062,77.21408,704932.0,28456.0,148570.0
198,2023-11-04,Indian Laburnum-Cassia fistula,1.0,2.0,1.0,0.0,0.0,-2.0,-2.0,0.0,0.0,-2.0,2023,39,28.64126,77.17759,700130.0,28461.0,147597.0
199,2023-11-08,Indian Laburnum-Cassia fistula,0.0,2.0,0.0,0.0,0.0,-2.0,-2.0,1.0,0.0,-2.0,2023,40,28.56784,77.12696,701190.0,15210.0,147953.0
200,2023-04-28,Indian Laburnum-Cassia fistula,1.0,1.0,1.0,1.0,1.0,0.0,0.0,0.0,0.0,0.0,2023,15,28.55397,77.20744,659723.0,27120.0,130864.0
201,2023-04-12,Indian Laburnum-Cassia fistula,0.0,2.0,2.0,0.0,0.0,0.0,0.0,0.0,0.0,0.0,2023,13,28.55397,77.20744,655686.0,27120.0,130864.0
202,2023-04-05,Indian Laburnum-Cassia fistula,0.0,2.0,1.0,0.0,0.0,-2.0,-2.0,0.0,0.0,-2.0,2023,12,28.55397,77.20744,653972.0,27120.0,130864.0
203,2022-09-02,Indian Laburnum-Cassia fistula,0.0,2.0,0.0,1.0,1.0,-2.0,-2.0,2.0,0.0,-2.0,2022,31,28.5282,77.25309,610791.0,17259.0,122200.0
204,2017-04-28,Indian Laburnum-Cassia fistula,1.0,0.0,,1.0,1.0,,,0.0,0.0,,2017,15,28.5466,77.18529,166846.0,16916.0,9861.0
205,2023-04-21,Indian Laburnum-Cassia fistula,1.0,2.0,2.0,0.0,0.0,0.0,0.0,0.0,0.0,0.0,2023,14,28.55397,77.20744,657485.0,27120.0,130864.0
206,2023-03-28,Indian Laburnum-Cassia fistula,0.0,2.0,2.0,0.0,0.0,0.0,0.0,0.0,0.0,0.0,2023,11,28.55397,77.20744,650644.0,27120.0,130864.0
207,2023-03-20,Indian Laburnum-Cassia fistula,0.0,2.0,2.0,0.0,0.0,0.0,0.0,0.0,0.0,0.0,2023,10,28.55397,77.20744,648733.0,27120.0,130864.0
208,2022-02-22,Indian Rosewood-Dalbergia sissoo,0.0,1.0,1.0,0.0,0.0,0.0,0.0,0.0,1.0,1.0,2022,6,28.59165,77.22253,574142.0,19387.0,76825.0
209,2020-02-25,Indian Rosewood-Dalbergia sissoo,0.0,2.0,2.0,0.0,0.0,-2.0,-2.0,0.0,0.0,2.0,2020,7,28.59165,77.22253,402942.0,19387.0,76825.0
210,2019-11-28,Indian Rosewood-Dalbergia sissoo,1.0,2.0,2.0,0.0,0.0,-2.0,-2.0,1.0,1.0,-1.0,2019,42,28.59165,77.22253,374971.0,19387.0,76825.0
211,2020-02-05,Indian Rosewood-Dalbergia sissoo,0.0,2.0,1.0,0.0,0.0,-2.0,-2.0,0.0,0.0,1.0,2020,4,28.59165,77.22253,396970.0,19387.0,76825.0
212,2019-12-06,Indian Rosewood-Dalbergia sissoo,0.0,2.0,,0.0,0.0,,,0.0,0.0,,2019,43,28.55196,77.17445,378259.0,14653.0,78418.0
213,2022-05-17,Indian Rosewood-Dalbergia sissoo,1.0,2.0,1.0,0.0,0.0,0.0,0.0,0.0,0.0,0.0,2022,17,28.59165,77.22253,592637.0,19387.0,76825.0
214,2023-11-12,Jacaranda-Jacaranda mimosifolia,0.0,0.0,0.0,0.0,0.0,-2.0,-2.0,0.0,0.0,0.0,2023,40,28.63042,77.21772,704946.0,28456.0,148583.0
215,2023-11-08,Jacaranda-Jacaranda mimosifolia,0.0,2.0,1.0,1.0,1.0,-2.0,-2.0,0.0,2.0,2.0,2023,40,28.54969,77.11784,701193.0,15210.0,147955.0
216,2023-11-08,Jacaranda-Jacaranda mimosifolia,0.0,2.0,1.0,1.0,1.0,-2.0,-2.0,1.0,0.0,0.0,2023,40,28.54969,77.11784,701195.0,15210.0,147956.0
217,2015-08-21,Jackfruit-Artocarpus heterophyllus,2.0,0.0,,0.0,0.0,,,0.0,0.0,,2015,30,28.59666,77.24554,103766.0,11617.0,5031.0
218,2022-04-17,Jackfruit-Artocarpus heterophyllus,2.0,1.0,1.0,2.0,-2.0,-1.0,-1.0,2.0,0.0,-2.0,2022,13,28.59476,77.22938,584397.0,22046.0,112882.0
219,2022-04-13,Jackfruit-Artocarpus heterophyllus,2.0,1.0,1.0,2.0,-2.0,-1.0,-1.0,1.0,0.0,-2.0,2022,13,28.59476,77.22938,584229.0,22046.0,112828.0
220,2022-04-22,Jackfruit-Artocarpus heterophyllus,2.0,1.0,1.0,2.0,-2.0,-1.0,-1.0,2.0,1.0,-2.0,2022,14,28.59476,77.22938,585155.0,22046.0,113088.0
221,2015-08-02,Jamun-Syzygium cumini,1.0,2.0,,0.0,1.0,,,2.0,2.0,,2015,27,28.67703,77.09553,101674.0,10087.0,3603.0
222,2016-05-30,Jamun-Syzygium cumini,1.0,1.0,,1.0,0.0,,,0.0,0.0,,2016,19,28.58745,77.06501,131063.0,14769.0,7918.0
223,2014-04-27,Jamun-Syzygium cumini,2.0,1.0,,0.0,0.0,,,0.0,0.0,,2014,15,28.67703,77.09553,77882.0,10087.0,3603.0
224,2014-04-05,Jamun-Syzygium cumini,2.0,1.0,,0.0,0.0,,,0.0,0.0,,2014,12,28.67703,77.09553,77889.0,10087.0,3603.0
225,2016-07-04,Jamun-Syzygium cumini,2.0,2.0,,1.0,1.0,,,2.0,1.0,,2016,23,28.67703,77.09553,131972.0,10087.0,3603.0
226,2016-06-06,Jamun-Syzygium cumini,1.0,1.0,,1.0,0.0,,,0.0,0.0,,2016,20,28.58745,77.06501,131062.0,14769.0,7918.0
227,2015-07-12,Jamun-Syzygium cumini,1.0,2.0,,0.0,0.0,,,0.0,2.0,,2015,24,28.67703,77.09553,99828.0,10087.0,3603.0
228,2014-11-05,Jamun-Syzygium cumini,2.0,1.0,,0.0,0.0,,,0.0,0.0,,2014,39,28.67703,77.09553,78019.0,10087.0,3603.0
229,2015-05-24,Jamun-Syzygium cumini,1.0,2.0,,2.0,1.0,,,0.0,0.0,,2015,18,28.67703,77.09553,96761.0,10087.0,3603.0
230,2014-06-22,Jamun-Syzygium cumini,1.0,2.0,,1.0,2.0,,,-1.0,2.0,,2014,22,28.67703,77.09553,78873.0,10087.0,3603.0
231,2016-11-06,Jamun-Syzygium cumini,1.0,2.0,,1.0,0.0,,,1.0,0.0,,2016,40,28.58745,77.06501,150650.0,14769.0,7918.0
232,2016-11-14,Jamun-Syzygium cumini,2.0,2.0,,1.0,1.0,,,2.0,1.0,,2016,41,28.58745,77.06501,150651.0,14769.0,7918.0
233,2016-11-21,Jamun-Syzygium cumini,1.0,2.0,,1.0,2.0,,,2.0,1.0,,2016,41,28.58745,77.06501,150652.0,14769.0,7918.0
234,2016-11-28,Jamun-Syzygium cumini,2.0,2.0,,1.0,2.0,,,0.0,1.0,,2016,42,28.58745,77.06501,150653.0,14769.0,7918.0
235,2016-12-05,Jamun-Syzygium cumini,2.0,1.0,,1.0,1.0,,,1.0,1.0,,2016,43,28.58745,77.06501,150654.0,14769.0,7918.0
236,2016-12-12,Jamun-Syzygium cumini,2.0,1.0,,0.0,1.0,,,0.0,1.0,,2016,44,28.58745,77.06501,150655.0,14769.0,7918.0
237,2016-12-19,Jamun-Syzygium cumini,1.0,2.0,,1.0,1.0,,,2.0,1.0,,2016,45,28.58745,77.06501,150656.0,14769.0,7918.0
238,2016-12-26,Jamun-Syzygium cumini,1.0,2.0,,1.0,2.0,,,1.0,2.0,,2016,46,28.58745,77.06501,150657.0,14769.0,7918.0
239,2016-10-30,Jamun-Syzygium cumini,2.0,2.0,,2.0,1.0,,,1.0,0.0,,2016,39,28.58745,77.06501,150649.0,14769.0,7918.0
240,2016-10-23,Jamun-Syzygium cumini,2.0,1.0,,1.0,1.0,,,1.0,0.0,,2016,38,28.58745,77.06501,150648.0,14769.0,7918.0
241,2016-10-16,Jamun-Syzygium cumini,1.0,2.0,,1.0,0.0,,,1.0,0.0,,2016,37,28.58745,77.06501,150647.0,14769.0,7918.0
242,2014-06-29,Jamun-Syzygium cumini,1.0,2.0,,1.0,1.0,,,0.0,2.0,,2014,23,28.67703,77.09553,78937.0,10087.0,3603.0
243,2014-05-18,Jamun-Syzygium cumini,2.0,1.0,,2.0,0.0,,,0.0,0.0,,2014,17,28.67703,77.09553,78079.0,10087.0,3603.0
244,2016-07-31,Jamun-Syzygium cumini,1.0,2.0,,0.0,1.0,,,1.0,2.0,,2016,27,28.67703,77.09553,134505.0,10087.0,3603.0
245,2014-08-06,Jamun-Syzygium cumini,1.0,2.0,,2.0,1.0,,,1.0,1.0,,2014,28,28.67703,77.09553,78429.0,10087.0,3603.0
246,2014-01-06,Jamun-Syzygium cumini,1.0,2.0,,2.0,2.0,,,0.0,0.0,,2014,0,28.67703,77.09553,78358.0,10087.0,3603.0
247,2016-07-10,Jamun-Syzygium cumini,2.0,2.0,,0.0,0.0,,,2.0,1.0,,2016,24,28.67703,77.09553,132686.0,10087.0,3603.0
248,2015-07-06,Jamun-Syzygium cumini,1.0,2.0,,0.0,0.0,,,0.0,2.0,,2015,24,28.67703,77.09553,99448.0,10087.0,3603.0
249,2014-07-20,Jamun-Syzygium cumini,1.0,2.0,,0.0,0.0,,,1.0,2.0,,2014,25,28.67703,77.09553,79983.0,10087.0,3603.0
250,2015-11-01,Jamun-Syzygium cumini,2.0,2.0,,0.0,0.0,,,0.0,0.0,,2015,39,28.67703,77.09553,110710.0,10087.0,3603.0
251,2014-07-27,Jamun-Syzygium cumini,1.0,2.0,,0.0,0.0,,,2.0,2.0,,2014,26,28.67703,77.09553,80086.0,10087.0,3603.0
252,2015-07-19,Jamun-Syzygium cumini,1.0,2.0,,1.0,1.0,,,2.0,2.0,,2015,25,28.67703,77.09553,100385.0,10087.0,3603.0
253,2023-05-17,Jamun-Syzygium cumini,0.0,2.0,0.0,0.0,0.0,-2.0,-2.0,2.0,0.0,-2.0,2023,17,28.57075,77.26003,663046.0,20419.0,136609.0
254,2023-05-17,Jamun-Syzygium cumini,0.0,2.0,0.0,0.0,0.0,-2.0,-2.0,0.0,1.0,-2.0,2023,17,28.56268,77.26594,663042.0,20419.0,136605.0
255,2015-06-28,Jamun-Syzygium cumini,1.0,2.0,,1.0,2.0,,,0.0,1.0,,2015,23,28.67703,77.09553,99077.0,10087.0,3603.0
256,2016-05-16,Jamun-Syzygium cumini,1.0,2.0,,1.0,0.0,,,0.0,0.0,,2016,17,28.58745,77.06501,130282.0,14769.0,7918.0
257,2016-05-23,Jamun-Syzygium cumini,1.0,2.0,,1.0,0.0,,,0.0,0.0,,2016,18,28.58745,77.06501,130283.0,14769.0,7918.0
258,2014-06-07,Jamun-Syzygium cumini,1.0,2.0,,0.0,0.0,,,0.0,2.0,,2014,20,28.67703,77.09553,79550.0,10087.0,3603.0
259,2016-06-29,Jamun-Syzygium cumini,2.0,2.0,,1.0,1.0,,,2.0,0.0,,2016,23,28.67703,77.09553,131844.0,10087.0,3603.0
260,2014-06-15,Jamun-Syzygium cumini,1.0,2.0,,1.0,1.0,,,0.0,2.0,,2014,21,28.67703,77.09553,78669.0,10087.0,3603.0
261,2014-05-25,Jamun-Syzygium cumini,1.0,2.0,,2.0,2.0,,,0.0,0.0,,2014,18,28.67703,77.09553,78281.0,10087.0,3603.0
262,2016-06-18,Jamun-Syzygium cumini,2.0,2.0,,1.0,1.0,,,2.0,0.0,,2016,21,28.67703,77.09553,131288.0,10087.0,3603.0
263,2014-10-08,Jamun-Syzygium cumini,1.0,2.0,,0.0,0.0,,,2.0,1.0,,2014,36,28.67703,77.09553,80245.0,10087.0,3603.0
264,2016-07-04,Jamun-Syzygium cumini,2.0,2.0,,0.0,0.0,,,2.0,0.0,,2016,23,28.58745,77.06501,132519.0,14769.0,7918.0
265,2016-06-13,Jamun-Syzygium cumini,1.0,2.0,,2.0,1.0,,,1.0,0.0,,2016,21,28.58745,77.06501,132516.0,14769.0,7918.0
266,2016-06-20,Jamun-Syzygium cumini,1.0,2.0,,0.0,1.0,,,1.0,0.0,,2016,22,28.58745,77.06501,132517.0,14769.0,7918.0
267,2016-06-27,Jamun-Syzygium cumini,2.0,2.0,,2.0,0.0,,,1.0,0.0,,2016,23,28.58745,77.06501,132518.0,14769.0,7918.0
268,2016-07-24,Jamun-Syzygium cumini,1.0,2.0,,0.0,0.0,,,2.0,2.0,,2016,26,28.67703,77.09553,134084.0,10087.0,3603.0
269,2014-01-19,Jamun-Syzygium cumini,2.0,2.0,,0.0,0.0,,,0.0,0.0,,2014,2,28.67703,77.09553,71300.0,10087.0,3603.0
270,2015-09-13,Jamun-Syzygium cumini,2.0,2.0,,0.0,0.0,,,0.0,0.0,,2015,32,28.67703,77.09553,105090.0,10087.0,3603.0
271,2014-05-01,Jamun-Syzygium cumini,1.0,2.0,,0.0,0.0,,,0.0,0.0,,2014,15,28.67703,77.09553,70391.0,10087.0,3603.0
272,2023-04-02,Jamun-Syzygium cumini,2.0,2.0,1.0,1.0,0.0,-2.0,-2.0,0.0,0.0,-2.0,2023,11,28.56579,77.13916,652814.0,27279.0,133988.0
273,2014-12-01,Jamun-Syzygium cumini,1.0,2.0,,0.0,0.0,,,0.0,0.0,,2014,43,28.67703,77.09553,70856.0,10087.0,3603.0
274,2023-04-11,Jamun-Syzygium cumini,2.0,1.0,1.0,2.0,0.0,-2.0,-2.0,0.0,0.0,-2.0,2023,13,28.56579,77.13916,655351.0,27279.0,133988.0
275,2014-09-02,Jamun-Syzygium cumini,1.0,2.0,,0.0,0.0,,,0.0,0.0,,2014,31,28.67703,77.09553,73042.0,10087.0,3603.0
276,2016-01-04,Jamun-Syzygium cumini,1.0,2.0,,1.0,0.0,,,0.0,0.0,,2016,0,28.58745,77.06501,117554.0,14769.0,7918.0
277,2017-04-20,Jamun-Syzygium cumini,2.0,2.0,,2.0,2.0,,,0.0,0.0,,2017,14,28.61067,77.10432,165788.0,16909.0,9835.0
278,2015-11-16,Jamun-Syzygium cumini,1.0,2.0,,0.0,0.0,,,0.0,0.0,,2015,41,28.58745,77.06501,112852.0,14769.0,7918.0
279,2015-11-23,Jamun-Syzygium cumini,1.0,2.0,,0.0,0.0,,,0.0,0.0,,2015,42,28.58745,77.06501,112853.0,14769.0,7918.0
280,2014-01-26,Jamun-Syzygium cumini,2.0,2.0,,0.0,0.0,,,0.0,0.0,,2014,3,28.67703,77.09553,71951.0,10087.0,3603.0
281,2014-02-02,Jamun-Syzygium cumini,1.0,2.0,,0.0,0.0,,,0.0,0.0,,2014,4,28.67703,77.09553,72421.0,10087.0,3603.0
282,2016-08-08,Jamun-Syzygium cumini,2.0,2.0,,1.0,2.0,,,1.0,1.0,,2016,28,28.58745,77.06501,139054.0,14769.0,7918.0
283,2016-08-15,Jamun-Syzygium cumini,1.0,1.0,,1.0,1.0,,,1.0,2.0,,2016,29,28.58745,77.06501,139055.0,14769.0,7918.0
284,2016-08-22,Jamun-Syzygium cumini,2.0,2.0,,1.0,2.0,,,1.0,2.0,,2016,30,28.58745,77.06501,139056.0,14769.0,7918.0
285,2016-08-29,Jamun-Syzygium cumini,1.0,2.0,,1.0,2.0,,,2.0,2.0,,2016,31,28.58745,77.06501,139057.0,14769.0,7918.0
286,2016-09-05,Jamun-Syzygium cumini,2.0,1.0,,2.0,2.0,,,1.0,2.0,,2016,32,28.58745,77.06501,139058.0,14769.0,7918.0
287,2016-09-12,Jamun-Syzygium cumini,1.0,2.0,,1.0,1.0,,,1.0,0.0,,2016,32,28.58745,77.06501,139059.0,14769.0,7918.0
288,2016-08-01,Jamun-Syzygium cumini,2.0,1.0,,2.0,1.0,,,1.0,1.0,,2016,27,28.58745,77.06501,139053.0,14769.0,7918.0
289,2016-07-18,Jamun-Syzygium cumini,2.0,2.0,,2.0,2.0,,,1.0,1.0,,2016,25,28.58745,77.06501,139051.0,14769.0,7918.0
290,2016-07-25,Jamun-Syzygium cumini,2.0,2.0,,1.0,2.0,,,1.0,1.0,,2016,26,28.58745,77.06501,139052.0,14769.0,7918.0
291,2016-07-11,Jamun-Syzygium cumini,1.0,2.0,,1.0,1.0,,,1.0,2.0,,2016,24,28.58745,77.06501,139050.0,14769.0,7918.0
292,2016-09-19,Jamun-Syzygium cumini,0.0,2.0,,0.0,1.0,,,0.0,0.0,,2016,33,28.58745,77.06501,139060.0,14769.0,7918.0
293,2016-09-26,Jamun-Syzygium cumini,0.0,2.0,,0.0,0.0,,,0.0,0.0,,2016,34,28.58745,77.06501,139061.0,14769.0,7918.0
294,2016-10-03,Jamun-Syzygium cumini,0.0,2.0,,0.0,0.0,,,0.0,0.0,,2016,35,28.58745,77.06501,139063.0,14769.0,7918.0
295,2016-02-08,Jamun-Syzygium cumini,1.0,1.0,,1.0,0.0,,,0.0,0.0,,2016,5,28.58745,77.06501,122259.0,14769.0,7918.0
296,2016-02-15,Jamun-Syzygium cumini,2.0,1.0,,0.0,0.0,,,0.0,0.0,,2016,5,28.58745,77.06501,123034.0,14769.0,7918.0
297,2020-03-30,Jamun-Syzygium cumini,2.0,1.0,1.0,0.0,0.0,-2.0,-2.0,0.0,0.0,-2.0,2020,11,28.59217,77.14836,410814.0,21789.0,87307.0
298,2015-12-14,Jamun-Syzygium cumini,0.0,2.0,,0.0,0.0,,,0.0,0.0,,2015,44,28.58745,77.06501,114533.0,14769.0,7918.0
299,2015-10-04,Jamun-Syzygium cumini,2.0,2.0,,0.0,0.0,,,0.0,0.0,,2015,35,28.67703,77.09553,107114.0,10087.0,3603.0
300,2016-02-01,Jamun-Syzygium cumini,0.0,2.0,,0.0,0.0,,,0.0,0.0,,2016,4,28.58745,77.06501,122081.0,14769.0,7918.0
301,2015-12-07,Jamun-Syzygium cumini,1.0,2.0,,0.0,0.0,,,0.0,0.0,,2015,43,28.58745,77.06501,114246.0,14769.0,7918.0
302,2015-09-27,Jamun-Syzygium cumini,2.0,2.0,,0.0,0.0,,,0.0,0.0,,2015,34,28.67703,77.09553,106363.0,10087.0,3603.0
303,2020-03-26,Jamun-Syzygium cumini,2.0,1.0,2.0,0.0,0.0,-2.0,-2.0,0.0,0.0,-2.0,2020,11,28.59217,77.14836,409813.0,21789.0,87307.0
304,2015-11-30,Jamun-Syzygium cumini,1.0,2.0,,0.0,0.0,,,0.0,0.0,,2015,43,28.58745,77.06501,113624.0,14769.0,7918.0
305,2016-01-11,Jamun-Syzygium cumini,1.0,2.0,,0.0,0.0,,,0.0,0.0,,2016,1,28.58745,77.06501,120230.0,14769.0,7918.0
306,2016-01-18,Jamun-Syzygium cumini,1.0,1.0,,0.0,0.0,,,0.0,0.0,,2016,2,28.58745,77.06501,120231.0,14769.0,7918.0
307,2016-01-25,Jamun-Syzygium cumini,1.0,2.0,,0.0,0.0,,,0.0,0.0,,2016,3,28.58745,77.06501,120262.0,14769.0,7918.0
308,2016-04-18,Jamun-Syzygium cumini,2.0,1.0,,1.0,0.0,,,0.0,0.0,,2016,14,28.58745,77.06501,128529.0,14769.0,7918.0
309,2016-04-25,Jamun-Syzygium cumini,2.0,1.0,,1.0,0.0,,,0.0,0.0,,2016,14,28.58745,77.06501,128530.0,14769.0,7918.0
310,2014-02-03,Jamun-Syzygium cumini,2.0,2.0,,0.0,0.0,,,0.0,0.0,,2014,4,28.67703,77.09553,76692.0,10087.0,3603.0
311,2015-12-28,Jamun-Syzygium cumini,1.0,2.0,,0.0,0.0,,,0.0,0.0,,2015,46,28.58745,77.06501,117324.0,14769.0,7918.0
312,2015-12-21,Jamun-Syzygium cumini,1.0,2.0,,0.0,0.0,,,0.0,0.0,,2015,45,28.58745,77.06501,117322.0,14769.0,7918.0
313,2015-04-19,Jamun-Syzygium cumini,2.0,2.0,,0.0,0.0,,,0.0,0.0,,2015,14,28.67703,77.09553,94915.0,10087.0,3603.0
314,2014-09-03,Jamun-Syzygium cumini,2.0,2.0,,0.0,0.0,,,0.0,0.0,,2014,31,28.67703,77.09553,76901.0,10087.0,3603.0
315,2015-04-12,Jamun-Syzygium cumini,2.0,2.0,,0.0,0.0,,,0.0,0.0,,2015,13,28.67703,77.09553,94200.0,10087.0,3603.0
316,2015-08-23,Jamun-Syzygium cumini,1.0,2.0,,0.0,0.0,,,1.0,0.0,,2015,30,28.67703,77.09553,102967.0,10087.0,3603.0
317,2014-02-23,Jamun-Syzygium cumini,1.0,2.0,,0.0,0.0,,,0.0,0.0,,2014,6,28.67703,77.09553,76457.0,10087.0,3603.0
318,2015-08-16,Jamun-Syzygium cumini,1.0,2.0,,0.0,0.0,,,2.0,1.0,,2015,29,28.67703,77.09553,102707.0,10087.0,3603.0
319,2014-04-13,Jamun-Syzygium cumini,2.0,1.0,,0.0,0.0,,,0.0,0.0,,2014,13,28.67703,77.09553,77456.0,10087.0,3603.0
320,2014-06-04,Jamun-Syzygium cumini,2.0,1.0,,0.0,0.0,,,0.0,0.0,,2014,19,28.67703,77.09553,77447.0,10087.0,3603.0
321,2015-05-10,Jamun-Syzygium cumini,1.0,2.0,,2.0,0.0,,,0.0,0.0,,2015,16,28.67703,77.09553,95937.0,10087.0,3603.0
322,2014-03-30,Jamun-Syzygium cumini,2.0,1.0,,0.0,0.0,,,0.0,0.0,,2014,11,28.67703,77.09553,77417.0,10087.0,3603.0
323,2015-05-03,Jamun-Syzygium cumini,2.0,2.0,,2.0,0.0,,,0.0,0.0,,2015,15,28.67703,77.09553,95714.0,10087.0,3603.0
324,2016-08-10,Jamun-Syzygium cumini,1.0,2.0,,0.0,0.0,,,1.0,1.0,,2016,28,28.67703,77.09553,135361.0,10087.0,3603.0
325,2015-11-09,Jamun-Syzygium cumini,1.0,2.0,,0.0,0.0,,,0.0,0.0,,2015,40,28.58745,77.06501,111637.0,14769.0,7918.0
326,2014-04-20,Jamun-Syzygium cumini,2.0,1.0,,0.0,0.0,,,0.0,0.0,,2014,14,28.67703,77.09553,77709.0,10087.0,3603.0
327,2016-05-09,Jamun-Syzygium cumini,2.0,0.0,,1.0,0.0,,,0.0,0.0,,2016,16,28.58745,77.06501,129448.0,14769.0,7918.0
328,2016-05-02,Jamun-Syzygium cumini,2.0,1.0,,1.0,0.0,,,0.0,0.0,,2016,15,28.58745,77.06501,129447.0,14769.0,7918.0
329,2014-03-16,Jamun-Syzygium cumini,2.0,2.0,,0.0,0.0,,,0.0,0.0,,2014,9,28.67703,77.09553,77103.0,10087.0,3603.0
330,2015-04-26,Jamun-Syzygium cumini,2.0,2.0,,2.0,0.0,,,0.0,0.0,,2015,14,28.67703,77.09553,95459.0,10087.0,3603.0
331,2014-03-23,Jamun-Syzygium cumini,2.0,1.0,,0.0,0.0,,,0.0,0.0,,2014,10,28.67703,77.09553,77270.0,10087.0,3603.0
332,2015-08-30,Jamun-Syzygium cumini,1.0,2.0,,0.0,0.0,,,0.0,0.0,,2015,31,28.67703,77.09553,103426.0,10087.0,3603.0
333,2015-09-06,Jamun-Syzygium cumini,1.0,2.0,,0.0,0.0,,,0.0,0.0,,2015,32,28.67703,77.09553,104064.0,10087.0,3603.0
334,2015-03-29,Jamun-Syzygium cumini,2.0,2.0,,0.0,0.0,,,0.0,0.0,,2015,11,28.67703,77.09553,93700.0,10087.0,3603.0
335,2023-11-09,Jamun-Syzygium cumini,1.0,2.0,1.0,0.0,0.0,-2.0,-2.0,0.0,0.0,-2.0,2023,40,28.64165,77.17797,701549.0,28461.0,148009.0
336,2015-03-22,Jamun-Syzygium cumini,2.0,2.0,,0.0,0.0,,,0.0,0.0,,2015,10,28.67703,77.09553,93333.0,10087.0,3603.0
337,2016-03-28,Jamun-Syzygium cumini,1.0,2.0,,1.0,0.0,,,0.0,0.0,,2016,11,28.58745,77.06501,126983.0,14769.0,7918.0
338,2016-04-04,Jamun-Syzygium cumini,1.0,2.0,,1.0,0.0,,,0.0,0.0,,2016,12,28.58745,77.06501,127332.0,14769.0,7918.0
339,2014-02-16,Jamun-Syzygium cumini,1.0,2.0,,0.0,0.0,,,0.0,0.0,,2014,6,28.67703,77.09553,74142.0,10087.0,3603.0
340,2015-04-05,Jamun-Syzygium cumini,2.0,2.0,,0.0,0.0,,,0.0,0.0,,2015,12,28.67703,77.09553,93988.0,10087.0,3603.0
341,2016-03-21,Jamun-Syzygium cumini,1.0,2.0,,1.0,0.0,,,0.0,0.0,,2016,10,28.58745,77.06501,126800.0,14769.0,7918.0
342,2016-03-14,Jamun-Syzygium cumini,2.0,2.0,,0.0,0.0,,,0.0,0.0,,2016,9,28.58745,77.06501,126799.0,14769.0,7918.0
343,2016-02-22,Jamun-Syzygium cumini,1.0,2.0,,0.0,0.0,,,0.0,0.0,,2016,6,28.58745,77.06501,126796.0,14769.0,7918.0
344,2016-02-29,Jamun-Syzygium cumini,2.0,1.0,,0.0,0.0,,,0.0,0.0,,2016,7,28.58745,77.06501,126797.0,14769.0,7918.0
345,2016-03-07,Jamun-Syzygium cumini,0.0,2.0,,0.0,0.0,,,0.0,0.0,,2016,8,28.58745,77.06501,126798.0,14769.0,7918.0
346,2016-04-11,Jamun-Syzygium cumini,1.0,2.0,,1.0,0.0,,,0.0,0.0,,2016,13,28.58745,77.06501,127728.0,14769.0,7918.0
347,2023-11-04,Jamun-Syzygium cumini,1.0,2.0,1.0,0.0,0.0,-2.0,-2.0,0.0,0.0,-2.0,2023,39,28.64126,77.17759,700051.0,28461.0,147565.0
348,2019-03-15,Jamun-Syzygium cumini,2.0,2.0,0.0,0.0,0.0,-2.0,-2.0,0.0,0.0,-2.0,2019,9,28.63896,77.11645,290364.0,17807.0,31275.0
349,2019-09-14,Khajur-Phoenix sylvestris,1.0,2.0,1.0,0.0,0.0,-2.0,-2.0,0.0,0.0,-2.0,2019,33,28.65161,77.23549,352308.0,21337.0,71575.0
350,2022-06-18,Mango (all varieties)-Mangifera indica,0.0,1.0,1.0,1.0,1.0,-2.0,-2.0,1.0,1.0,-2.0,2022,21,28.54263,77.15601,596593.0,20813.0,96686.0
351,2022-08-27,Mango (all varieties)-Mangifera indica,1.0,2.0,0.0,1.0,0.0,-2.0,-2.0,0.0,1.0,-2.0,2022,30,28.54263,77.15601,608975.0,20813.0,96686.0
352,2021-11-20,Mango (all varieties)-Mangifera indica,0.0,1.0,1.0,1.0,1.0,-2.0,-2.0,1.0,1.0,-2.0,2021,41,28.54263,77.15601,542338.0,20813.0,96686.0
353,2022-11-26,Mango (all varieties)-Mangifera indica,1.0,2.0,1.0,1.0,1.0,-2.0,-2.0,1.0,0.0,-2.0,2022,42,28.54263,77.15601,621922.0,20813.0,96686.0
354,2020-11-20,Mango (all varieties)-Mangifera indica,0.0,0.0,0.0,0.0,0.0,0.0,0.0,0.0,0.0,0.0,2020,41,28.54263,77.15601,456038.0,20813.0,96686.0
355,2022-08-13,Mango (all varieties)-Mangifera indica,1.0,2.0,0.0,1.0,0.0,-2.0,-2.0,1.0,0.0,-2.0,2022,28,28.54263,77.15601,605053.0,20813.0,96686.0
356,2021-04-11,Mango (all varieties)-Mangifera indica,1.0,2.0,1.0,1.0,0.0,0.0,0.0,1.0,0.0,0.0,2021,13,28.54263,77.15601,495723.0,20813.0,96686.0
357,2021-07-05,Mango (all varieties)-Mangifera indica,2.0,2.0,2.0,1.0,1.0,0.0,0.0,2.0,2.0,0.0,2021,23,28.54263,77.15601,509584.0,20813.0,96686.0
358,2022-06-11,Mango (all varieties)-Mangifera indica,1.0,1.0,1.0,0.0,0.0,-2.0,-2.0,1.0,1.0,-2.0,2022,20,28.54263,77.15601,595460.0,20813.0,96686.0
359,2022-07-16,Mango (all varieties)-Mangifera indica,1.0,2.0,0.0,0.0,0.0,-2.0,-2.0,1.0,1.0,-2.0,2022,25,28.54263,77.15601,600958.0,20813.0,96686.0
360,2022-07-30,Mango (all varieties)-Mangifera indica,1.0,2.0,1.0,1.0,0.0,-2.0,-2.0,1.0,0.0,-2.0,2022,27,28.54263,77.15601,603046.0,20813.0,96686.0
361,2021-07-30,Mango (all varieties)-Mangifera indica,0.0,1.0,1.0,2.0,0.0,0.0,0.0,1.0,1.0,0.0,2021,27,28.54263,77.15601,516595.0,20813.0,96686.0
362,2023-03-11,Mango (all varieties)-Mangifera indica,1.0,2.0,1.0,1.0,1.0,-2.0,-2.0,0.0,0.0,-2.0,2023,9,28.54263,77.15601,647077.0,20813.0,96686.0
363,2022-07-23,Mango (all varieties)-Mangifera indica,1.0,2.0,1.0,1.0,0.0,-2.0,-2.0,0.0,1.0,-2.0,2022,26,28.54263,77.15601,601908.0,20813.0,96686.0
364,2022-12-03,Mango (all varieties)-Mangifera indica,1.0,2.0,1.0,0.0,0.0,-2.0,-2.0,0.0,0.0,-2.0,2022,43,28.54263,77.15601,623793.0,20813.0,96686.0
365,2022-12-31,Mango (all varieties)-Mangifera indica,1.0,2.0,1.0,1.0,1.0,-2.0,-2.0,1.0,0.0,-2.0,2022,47,28.54263,77.15601,631005.0,20813.0,96686.0
366,2022-06-26,Mango (all varieties)-Mangifera indica,0.0,1.0,1.0,0.0,0.0,-2.0,-2.0,1.0,1.0,-2.0,2022,22,28.54263,77.15601,598040.0,20813.0,96686.0
367,2021-09-04,Mango (all varieties)-Mangifera indica,1.0,2.0,2.0,1.0,0.0,0.0,0.0,1.0,1.0,0.0,2021,31,28.54263,77.15601,524430.0,20813.0,96686.0
368,2023-03-04,Mango (all varieties)-Mangifera indica,1.0,2.0,1.0,1.0,1.0,-2.0,-2.0,0.0,0.0,-2.0,2023,8,28.54263,77.15601,646377.0,20813.0,96686.0
369,2022-07-09,Mango (all varieties)-Mangifera indica,1.0,1.0,2.0,0.0,0.0,-2.0,-2.0,0.0,0.0,-2.0,2022,24,28.54263,77.15601,599956.0,20813.0,96686.0
370,2022-09-24,Mango (all varieties)-Mangifera indica,1.0,2.0,1.0,0.0,0.0,-2.0,-2.0,1.0,0.0,-2.0,2022,34,28.54263,77.15601,613654.0,20813.0,96686.0
371,2022-04-16,Mango (all varieties)-Mangifera indica,2.0,1.0,0.0,1.0,0.0,-2.0,-2.0,0.0,0.0,-2.0,2022,13,28.54263,77.15601,584270.0,20813.0,96686.0
372,2021-01-20,Mango (all varieties)-Mangifera indica,1.0,1.0,1.0,1.0,1.0,0.0,0.0,1.0,1.0,0.0,2021,2,28.54263,77.15601,468717.0,20813.0,96686.0
373,2022-02-26,Mango (all varieties)-Mangifera indica,1.0,2.0,2.0,1.0,1.0,-2.0,-2.0,1.0,1.0,-2.0,2022,7,28.54263,77.15601,575037.0,20813.0,96686.0
374,2023-01-28,Mango (all varieties)-Mangifera indica,1.0,2.0,1.0,1.0,1.0,-2.0,-2.0,0.0,0.0,-2.0,2023,3,28.54263,77.15601,637686.0,20813.0,96686.0
375,2022-03-26,Mango (all varieties)-Mangifera indica,1.0,1.0,0.0,1.0,2.0,-2.0,-2.0,1.0,1.0,-2.0,2022,10,28.54263,77.15601,581188.0,20813.0,96686.0
376,2023-01-14,Mango (all varieties)-Mangifera indica,1.0,2.0,1.0,1.0,1.0,-2.0,-2.0,0.0,0.0,-2.0,2023,1,28.54263,77.15601,633016.0,20813.0,96686.0
377,2022-10-15,Mango (all varieties)-Mangifera indica,1.0,2.0,1.0,0.0,0.0,-2.0,-2.0,1.0,0.0,-2.0,2022,37,28.54263,77.15601,615721.0,20813.0,96686.0
378,2022-03-12,Mango (all varieties)-Mangifera indica,1.0,1.0,1.0,1.0,1.0,-2.0,-2.0,1.0,1.0,-2.0,2022,9,28.54263,77.15601,579394.0,20813.0,96686.0
379,2022-10-08,Mango (all varieties)-Mangifera indica,1.0,2.0,1.0,0.0,0.0,-2.0,-2.0,1.0,0.0,-2.0,2022,36,28.54263,77.15601,614999.0,20813.0,96686.0
380,2022-10-22,Mango (all varieties)-Mangifera indica,1.0,2.0,1.0,1.0,0.0,0.0,0.0,1.0,0.0,0.0,2022,37,28.54263,77.15601,616429.0,20813.0,96686.0
381,2022-10-01,Mango (all varieties)-Mangifera indica,1.0,2.0,1.0,0.0,0.0,-2.0,-2.0,1.0,0.0,-2.0,2022,35,28.54263,77.15601,614273.0,20813.0,96686.0
382,2022-04-09,Mango (all varieties)-Mangifera indica,1.0,1.0,1.0,1.0,1.0,-2.0,-2.0,1.0,1.0,-2.0,2022,12,28.54263,77.15601,583300.0,20813.0,96686.0
383,2023-02-11,Mango (all varieties)-Mangifera indica,1.0,2.0,1.0,1.0,1.0,-2.0,-2.0,0.0,1.0,-2.0,2023,5,28.54263,77.15601,641658.0,20813.0,96686.0
384,2022-09-10,Mango (all varieties)-Mangifera indica,1.0,2.0,0.0,1.0,0.0,-2.0,-2.0,1.0,0.0,-2.0,2022,32,28.54263,77.15601,611558.0,20813.0,96686.0
385,2022-01-15,Mango (all varieties)-Mangifera indica,0.0,1.0,2.0,0.0,2.0,-2.0,-2.0,1.0,1.0,-2.0,2022,1,28.54263,77.15601,560121.0,20813.0,96686.0
386,2021-03-16,Mango (all varieties)-Mangifera indica,2.0,2.0,2.0,1.0,1.0,0.0,0.0,1.0,1.0,0.0,2021,9,28.54263,77.15601,491891.0,20813.0,96686.0
387,2022-09-03,Mango (all varieties)-Mangifera indica,1.0,2.0,0.0,1.0,0.0,-2.0,-2.0,0.0,1.0,-2.0,2022,31,28.54263,77.15601,610879.0,20813.0,96686.0
388,2020-12-17,Mango (all varieties)-Mangifera indica,0.0,0.0,0.0,0.0,0.0,0.0,0.0,0.0,0.0,0.0,2020,45,28.54263,77.15601,461445.0,20813.0,96686.0
389,2022-05-14,Mango (all varieties)-Mangifera indica,2.0,2.0,0.0,0.0,0.0,-2.0,-2.0,1.0,0.0,-2.0,2022,17,28.54263,77.15601,592104.0,20813.0,96686.0
390,2022-02-12,Mango (all varieties)-Mangifera indica,1.0,1.0,0.0,1.0,1.0,-2.0,-2.0,1.0,1.0,-2.0,2022,5,28.54263,77.15601,570708.0,20813.0,96686.0
391,2022-09-17,Mango (all varieties)-Mangifera indica,1.0,2.0,1.0,1.0,1.0,-2.0,-2.0,0.0,0.0,-2.0,2022,33,28.54263,77.15601,612672.0,20813.0,96686.0
392,2022-11-12,Mango (all varieties)-Mangifera indica,1.0,2.0,1.0,0.0,0.0,-2.0,-2.0,1.0,0.0,-2.0,2022,40,28.54263,77.15601,619499.0,20813.0,96686.0
393,2021-02-17,Mango (all varieties)-Mangifera indica,2.0,2.0,2.0,2.0,2.0,0.0,0.0,1.0,1.0,0.0,2021,6,28.54263,77.15601,483022.0,20813.0,96686.0
394,2022-02-05,Mango (all varieties)-Mangifera indica,1.0,1.0,1.0,1.0,1.0,-2.0,-2.0,1.0,1.0,-2.0,2022,4,28.54263,77.15601,567916.0,20813.0,96686.0
395,2022-11-05,Mango (all varieties)-Mangifera indica,1.0,2.0,1.0,0.0,0.0,-2.0,-2.0,1.0,0.0,-2.0,2022,39,28.54263,77.15601,618701.0,20813.0,96686.0
396,2023-07-15,Mango (all varieties)-Mangifera indica,1.0,2.0,1.0,1.0,0.0,-2.0,-2.0,0.0,0.0,-2.0,2023,25,28.54263,77.15601,675730.0,20813.0,96686.0
397,2023-06-17,Mango (all varieties)-Mangifera indica,1.0,2.0,1.0,1.0,1.0,-2.0,-2.0,0.0,1.0,-2.0,2023,21,28.54263,77.15601,669174.0,20813.0,96686.0
398,2023-07-01,Mango (all varieties)-Mangifera indica,2.0,2.0,1.0,1.0,0.0,-2.0,-2.0,1.0,0.0,-2.0,2023,23,28.54263,77.15601,670398.0,20813.0,96686.0
399,2023-06-03,Mango (all varieties)-Mangifera indica,1.0,2.0,1.0,1.0,1.0,0.0,0.0,0.0,1.0,0.0,2023,19,28.54263,77.15601,667651.0,20813.0,96686.0
400,2018-07-05,Mango (all varieties)-Mangifera indica,1.0,2.0,,0.0,0.0,,,0.0,0.0,,2018,23,28.559,77.19513,205197.0,18024.0,11356.0
401,2014-04-07,Mango (all varieties)-Mangifera indica,2.0,1.0,,0.0,0.0,,,1.0,1.0,,2014,12,28.59666,77.24554,79427.0,11620.0,5032.0
402,2023-07-08,Mango (all varieties)-Mangifera indica,1.0,2.0,1.0,1.0,0.0,-2.0,-2.0,1.0,0.0,-2.0,2023,24,28.54263,77.15601,671666.0,20813.0,96686.0
403,2019-06-12,Mango (all varieties)-Mangifera indica,2.0,2.0,1.0,-1.0,-1.0,-2.0,-2.0,2.0,1.0,-2.0,2019,20,28.559,77.19513,314347.0,18024.0,11356.0
404,2023-10-14,Mango (all varieties)-Mangifera indica,1.0,2.0,1.0,0.0,0.0,-2.0,-2.0,1.0,1.0,-2.0,2023,36,28.54263,77.15601,695765.0,20813.0,96686.0
405,2023-11-04,Mango (all varieties)-Mangifera indica,0.0,2.0,1.0,0.0,0.0,-2.0,-2.0,0.0,0.0,-2.0,2023,39,28.64172,77.1777,700128.0,28461.0,147595.0
406,2023-10-08,Mango (all varieties)-Mangifera indica,1.0,2.0,1.0,0.0,0.0,-2.0,-2.0,1.0,0.0,-2.0,2023,36,28.54263,77.15601,694912.0,20813.0,96686.0
407,2023-08-19,Mango (all varieties)-Mangifera indica,1.0,2.0,1.0,1.0,1.0,-2.0,-2.0,0.0,1.0,-2.0,2023,29,28.54263,77.15601,685092.0,20813.0,96686.0
408,2023-08-12,Mango (all varieties)-Mangifera indica,1.0,2.0,1.0,0.0,0.0,-2.0,-2.0,1.0,0.0,-2.0,2023,28,28.54263,77.15601,683654.0,20813.0,96686.0
409,2023-08-05,Mango (all varieties)-Mangifera indica,1.0,2.0,1.0,0.0,0.0,-2.0,-2.0,0.0,0.0,-2.0,2023,27,28.54263,77.15601,682505.0,20813.0,96686.0
410,2023-11-18,Mango (all varieties)-Mangifera indica,1.0,2.0,1.0,1.0,1.0,-2.0,-2.0,0.0,1.0,-2.0,2023,41,28.54263,77.15601,703495.0,20813.0,96686.0
411,2023-09-09,Mango (all varieties)-Mangifera indica,1.0,2.0,1.0,0.0,0.0,-2.0,-2.0,1.0,1.0,-2.0,2023,32,28.54263,77.15601,688968.0,20813.0,96686.0
412,2023-09-16,Mango (all varieties)-Mangifera indica,1.0,2.0,1.0,1.0,1.0,-2.0,-2.0,0.0,1.0,-2.0,2023,33,28.54263,77.15601,690098.0,20813.0,96686.0
413,2023-08-26,Mango (all varieties)-Mangifera indica,1.0,2.0,1.0,0.0,0.0,-2.0,-2.0,1.0,0.0,-2.0,2023,30,28.54263,77.15601,686370.0,20813.0,96686.0
414,2023-09-02,Mango (all varieties)-Mangifera indica,1.0,2.0,1.0,0.0,0.0,-2.0,-2.0,1.0,1.0,-2.0,2023,31,28.54263,77.15601,687460.0,20813.0,96686.0
415,2023-04-22,Mango (all varieties)-Mangifera indica,1.0,2.0,1.0,1.0,0.0,-2.0,-2.0,0.0,0.0,-2.0,2023,14,28.54263,77.15601,657663.0,20813.0,96686.0
416,2014-01-23,Mango (all varieties)-Mangifera indica,0.0,0.0,,0.0,0.0,,,0.0,0.0,,2014,2,28.69872,77.30318,71715.0,12442.0,5705.0
417,2015-08-21,Mango (all varieties)-Mangifera indica,1.0,2.0,,0.0,0.0,,,0.0,0.0,,2015,30,28.59666,77.24554,103768.0,11620.0,5032.0
418,2023-04-15,Mango (all varieties)-Mangifera indica,1.0,2.0,1.0,1.0,1.0,-2.0,-2.0,0.0,1.0,-2.0,2023,13,28.54263,77.15601,656241.0,20813.0,96686.0
419,2023-12-23,Mango (all varieties)-Mangifera indica,1.0,2.0,1.0,1.0,1.0,-2.0,-2.0,0.0,0.0,-2.0,2023,45,28.54263,77.15601,717277.0,20813.0,96686.0
420,2023-04-29,Mango (all varieties)-Mangifera indica,1.0,2.0,1.0,1.0,1.0,-2.0,-2.0,0.0,0.0,-2.0,2023,15,28.54263,77.15601,660084.0,20813.0,96686.0
421,2023-03-25,Mango (all varieties)-Mangifera indica,1.0,2.0,2.0,1.0,0.0,-2.0,-2.0,0.0,0.0,-2.0,2023,10,28.54263,77.15601,649333.0,20813.0,96686.0
422,2023-04-08,Mango (all varieties)-Mangifera indica,1.0,2.0,1.0,0.0,0.0,-2.0,-2.0,0.0,0.0,-2.0,2023,12,28.54263,77.15601,654485.0,20813.0,96686.0
423,2023-04-01,Mango (all varieties)-Mangifera indica,1.0,2.0,1.0,1.0,1.0,-2.0,-2.0,0.0,0.0,-2.0,2023,11,28.54263,77.15601,652089.0,20813.0,96686.0
424,2023-12-16,Mango (all varieties)-Mangifera indica,1.0,2.0,1.0,0.0,0.0,-2.0,-2.0,0.0,0.0,-2.0,2023,45,28.54263,77.15601,715461.0,20813.0,96686.0
425,2023-12-09,Mango (all varieties)-Mangifera indica,1.0,2.0,1.0,0.0,0.0,-2.0,-2.0,0.0,0.0,-2.0,2023,44,28.54263,77.15601,713647.0,20813.0,96686.0
426,2023-05-27,Mango (all varieties)-Mangifera indica,1.0,2.0,1.0,1.0,0.0,-2.0,-2.0,0.0,0.0,-2.0,2023,18,28.54263,77.15601,665032.0,20813.0,96686.0
427,2023-05-20,Mango (all varieties)-Mangifera indica,1.0,2.0,1.0,1.0,1.0,-2.0,-2.0,0.0,0.0,-2.0,2023,18,28.54263,77.15601,663514.0,20813.0,96686.0
428,2023-05-13,Mango (all varieties)-Mangifera indica,1.0,2.0,1.0,1.0,0.0,-2.0,-2.0,1.0,0.0,-2.0,2023,17,28.54263,77.15601,661930.0,20813.0,96686.0
429,2023-12-10,Mast Tree-Monoon longifolium,2.0,2.0,0.0,-2.0,-1.0,0.0,0.0,-1.0,-1.0,0.0,2023,44,28.62372,77.14325,714382.0,28572.0,151739.0
430,2023-12-02,Mast Tree-Monoon longifolium,1.0,2.0,1.0,-2.0,-1.0,-2.0,-2.0,-1.0,-1.0,-2.0,2023,43,28.63084,77.24624,709543.0,24423.0,151565.0
431,2023-12-02,Mast Tree-Monoon longifolium,0.0,2.0,1.0,-2.0,-1.0,-2.0,-2.0,0.0,0.0,-2.0,2023,43,28.63084,77.24624,709544.0,24423.0,151566.0
432,2023-12-15,Mast Tree-Monoon longifolium,2.0,2.0,0.0,-2.0,-1.0,0.0,0.0,-1.0,-1.0,0.0,2023,44,28.62372,77.14325,715357.0,28572.0,151739.0
433,2023-12-02,Mast Tree-Monoon longifolium,0.0,2.0,1.0,-2.0,0.0,-2.0,-2.0,0.0,0.0,-2.0,2023,43,28.63084,77.24624,709549.0,24423.0,151571.0
434,2023-12-02,Mast Tree-Monoon longifolium,1.0,2.0,1.0,-2.0,0.0,-2.0,-2.0,0.0,0.0,-2.0,2023,43,28.63084,77.24624,709547.0,24423.0,151569.0
435,2023-12-02,Mast Tree-Monoon longifolium,0.0,2.0,1.0,-2.0,0.0,-2.0,-2.0,0.0,0.0,-2.0,2023,43,28.63084,77.24624,709546.0,24423.0,151568.0
436,2023-12-02,Mast Tree-Monoon longifolium,1.0,2.0,1.0,-2.0,-1.0,-2.0,-2.0,2.0,2.0,-2.0,2023,43,28.62971,77.24545,709539.0,24423.0,151561.0
437,2023-12-02,Mast Tree-Monoon longifolium,1.0,2.0,1.0,-2.0,1.0,-2.0,-2.0,2.0,2.0,-2.0,2023,43,28.62955,77.24483,709538.0,24423.0,151560.0
438,2023-12-02,Mast Tree-Monoon longifolium,1.0,2.0,1.0,-2.0,0.0,-2.0,-2.0,2.0,2.0,-2.0,2023,43,28.62955,77.24483,709537.0,24423.0,151559.0
439,2023-12-02,Mast Tree-Monoon longifolium,-2.0,-2.0,-2.0,-2.0,1.0,-2.0,-2.0,0.0,-1.0,-2.0,2023,43,28.63045,77.24613,709584.0,24423.0,151595.0
440,2023-05-17,Mast Tree-Monoon longifolium,2.0,1.0,0.0,-2.0,0.0,-2.0,-2.0,0.0,0.0,-2.0,2023,17,28.5535,77.26048,663040.0,20419.0,136603.0
441,2023-05-17,Mast Tree-Monoon longifolium,2.0,1.0,0.0,-2.0,0.0,-2.0,-2.0,0.0,0.0,-2.0,2023,17,28.56436,77.26487,663043.0,20419.0,136606.0
442,2023-12-02,Mast Tree-Monoon longifolium,2.0,2.0,0.0,-2.0,0.0,-2.0,-2.0,0.0,0.0,-2.0,2023,43,28.63084,77.24624,709558.0,24423.0,151578.0
443,2023-12-02,Mast Tree-Monoon longifolium,1.0,2.0,1.0,-2.0,-1.0,-2.0,-2.0,0.0,0.0,-2.0,2023,43,28.63084,77.24624,709555.0,24423.0,151577.0
444,2023-12-02,Mast Tree-Monoon longifolium,1.0,2.0,1.0,-2.0,0.0,-2.0,-2.0,0.0,0.0,-2.0,2023,43,28.63084,77.24624,709563.0,24423.0,151581.0
445,2023-12-02,Mast Tree-Monoon longifolium,2.0,2.0,0.0,-2.0,0.0,-2.0,-2.0,0.0,0.0,-2.0,2023,43,28.63084,77.24624,709560.0,24423.0,151580.0
446,2023-12-02,Mast Tree-Monoon longifolium,1.0,2.0,1.0,-2.0,0.0,-2.0,-2.0,0.0,0.0,-2.0,2023,43,28.63084,77.24624,709552.0,24423.0,151574.0
447,2023-12-02,Mast Tree-Monoon longifolium,0.0,2.0,1.0,-2.0,0.0,-2.0,-2.0,0.0,0.0,-2.0,2023,43,28.63084,77.24624,709551.0,24423.0,151573.0
448,2023-12-02,Mast Tree-Monoon longifolium,1.0,2.0,1.0,-2.0,0.0,-2.0,-2.0,-1.0,-1.0,-2.0,2023,43,28.63045,77.24613,709576.0,24423.0,151589.0
449,2023-05-17,Mast Tree-Monoon longifolium,2.0,1.0,0.0,-2.0,0.0,-2.0,-2.0,0.0,0.0,-2.0,2023,17,28.56635,77.26278,663044.0,20419.0,136607.0
450,2023-12-02,Mast Tree-Monoon longifolium,1.0,2.0,1.0,-2.0,0.0,-2.0,-2.0,-1.0,-1.0,-2.0,2023,43,28.63045,77.24613,709582.0,24423.0,151593.0
451,2023-12-02,Mast Tree-Monoon longifolium,0.0,2.0,1.0,-2.0,-1.0,-2.0,-2.0,2.0,2.0,-2.0,2023,43,28.63045,77.24613,709581.0,24423.0,151592.0
452,2023-12-02,Mast Tree-Monoon longifolium,1.0,2.0,1.0,-2.0,0.0,-2.0,-2.0,0.0,0.0,-2.0,2023,43,28.63084,77.24624,709574.0,24423.0,151588.0
453,2023-12-02,Mast Tree-Monoon longifolium,1.0,2.0,1.0,-2.0,0.0,-2.0,-2.0,0.0,0.0,-2.0,2023,43,28.63084,77.24624,709570.0,24423.0,151586.0
454,2023-12-02,Mast Tree-Monoon longifolium,2.0,2.0,0.0,-2.0,-1.0,0.0,0.0,-1.0,-1.0,0.0,2023,43,28.62372,77.14325,709818.0,28572.0,151739.0
455,2023-11-30,Maulsari-Mimusops elengi,1.0,2.0,1.0,1.0,2.0,-2.0,-2.0,-1.0,-1.0,-2.0,2023,43,28.62955,77.24483,708751.0,24423.0,150939.0
456,2023-11-29,Maulsari-Mimusops elengi,1.0,2.0,1.0,1.0,1.0,-2.0,-2.0,2.0,2.0,-2.0,2023,42,28.6298,77.24586,707459.0,24423.0,150100.0
457,2022-08-24,Neem-Azadirachta indica,1.0,1.0,1.0,-2.0,-2.0,-2.0,-2.0,0.0,0.0,-2.0,2022,30,28.67409,77.19351,608040.0,24061.0,120349.0
458,2022-09-02,Neem-Azadirachta indica,2.0,2.0,0.0,0.0,0.0,-2.0,-2.0,0.0,0.0,-2.0,2022,31,28.52754,77.253,610792.0,17259.0,122201.0
459,2022-09-02,Neem-Azadirachta indica,2.0,2.0,0.0,0.0,0.0,-2.0,-2.0,0.0,0.0,-2.0,2022,31,28.5282,77.25309,610794.0,17259.0,122203.0
460,2022-09-02,Neem-Azadirachta indica,2.0,2.0,1.0,0.0,0.0,-2.0,-2.0,0.0,0.0,-2.0,2022,31,28.52829,77.25277,610796.0,17259.0,122205.0
461,2023-11-04,Neem-Azadirachta indica,1.0,2.0,1.0,0.0,0.0,-2.0,-2.0,0.0,0.0,-2.0,2023,39,28.64143,77.17763,700043.0,28461.0,147563.0
462,2023-08-17,Neem-Azadirachta indica,1.0,1.0,0.0,0.0,0.0,0.0,0.0,0.0,0.0,0.0,2023,29,28.54818,77.18709,688513.0,28060.0,145254.0
463,2023-07-20,Neem-Azadirachta indica,1.0,2.0,0.0,1.0,0.0,0.0,0.0,0.0,0.0,0.0,2023,25,28.54818,77.18709,684424.0,28060.0,145254.0
464,2020-02-05,Neem-Azadirachta indica,1.0,2.0,,0.0,0.0,,,0.0,0.0,,2020,4,28.53491,77.25495,400307.0,21614.0,85740.0
465,2019-09-16,Neem-Azadirachta indica,1.0,2.0,-2.0,0.0,0.0,-2.0,-2.0,0.0,0.0,-2.0,2019,33,28.49799,77.14786,357473.0,19387.0,76348.0
466,2019-09-16,Neem-Azadirachta indica,1.0,2.0,1.0,0.0,0.0,-2.0,-2.0,0.0,0.0,-2.0,2019,33,28.49799,77.14786,357475.0,19387.0,76350.0
467,2019-03-18,Neem-Azadirachta indica,0.0,2.0,1.0,-2.0,-2.0,-2.0,-2.0,-2.0,-2.0,-2.0,2019,9,28.6034,77.19126,302692.0,20195.0,42868.0
468,2023-11-09,Night Flowering Jasmine-Nyctanthes arbor-tristis,1.0,2.0,1.0,0.0,0.0,-2.0,-2.0,0.0,0.0,-2.0,2023,40,28.64103,77.177,701557.0,28461.0,148017.0
469,2019-03-15,Night Flowering Jasmine-Nyctanthes arbor-tristis,1.0,2.0,0.0,0.0,0.0,-2.0,-2.0,1.0,-1.0,-2.0,2019,9,28.63904,77.11609,290343.0,17807.0,31264.0
470,2019-11-22,Night Flowering Jasmine-Nyctanthes arbor-tristis,1.0,2.0,1.0,1.0,1.0,-2.0,-2.0,1.0,1.0,-2.0,2019,41,28.52413,77.21416,374033.0,19387.0,76740.0
471,2019-11-14,Night Flowering Jasmine-Nyctanthes arbor-tristis,1.0,2.0,1.0,1.0,2.0,-2.0,-2.0,1.0,0.0,-2.0,2019,40,28.52413,77.21416,372896.0,19387.0,76740.0
472,2023-11-04,Peepal-Ficus religiosa,1.0,2.0,1.0,-2.0,-2.0,-2.0,-2.0,0.0,0.0,-2.0,2023,39,28.64123,77.17779,700052.0,28461.0,147566.0
473,2019-03-15,Peepal-Ficus religiosa,0.0,2.0,1.0,0.0,0.0,-2.0,-2.0,0.0,0.0,-2.0,2019,9,28.63903,77.11602,290323.0,17807.0,31257.0
474,2023-05-17,Peepal-Ficus religiosa,1.0,2.0,0.0,-2.0,-2.0,-2.0,-2.0,2.0,0.0,-2.0,2023,17,28.56031,77.26685,663041.0,20419.0,136604.0
475,2019-09-16,Peepal-Ficus religiosa,1.0,2.0,1.0,-2.0,-2.0,-2.0,-2.0,1.0,1.0,-2.0,2019,33,28.49799,77.14786,357480.0,19387.0,76356.0
476,2023-10-03,Peepal-Ficus religiosa,2.0,2.0,1.0,-2.0,-2.0,0.0,0.0,0.0,0.0,0.0,2023,35,28.69292,77.21028,693868.0,27171.0,146402.0
477,2023-10-03,Peepal-Ficus religiosa,2.0,2.0,0.0,-2.0,-2.0,-2.0,-2.0,1.0,2.0,-2.0,2023,35,28.69292,77.21028,693869.0,27171.0,146403.0
478,2023-10-03,Peepal-Ficus religiosa,2.0,2.0,1.0,-2.0,-2.0,-2.0,-2.0,0.0,0.0,-2.0,2023,35,28.69292,77.21028,693871.0,27171.0,146404.0
479,2019-03-18,Peepal-Ficus religiosa,0.0,1.0,2.0,-2.0,-2.0,-2.0,-2.0,-2.0,-2.0,-2.0,2019,9,28.57774,77.17518,302805.0,20195.0,42981.0
480,2015-09-07,Peepal-Ficus religiosa,-1.0,-1.0,,-1.0,-1.0,,,-1.0,-1.0,,2015,32,28.5835,77.24439,104259.0,14653.0,7552.0
481,2022-08-24,Peepal-Ficus religiosa,1.0,2.0,1.0,-2.0,-2.0,-2.0,-2.0,0.0,0.0,-2.0,2022,30,28.66939,77.19908,608039.0,24061.0,120348.0
482,2023-10-10,Peepal-Ficus religiosa,2.0,2.0,1.0,-2.0,-2.0,-2.0,-2.0,0.0,0.0,-2.0,2023,36,28.69292,77.21028,695233.0,27171.0,145831.0
483,2023-10-10,Peepal-Ficus religiosa,1.0,2.0,1.0,-2.0,-2.0,-2.0,-2.0,1.0,1.0,-2.0,2023,36,28.69292,77.21028,695228.0,27171.0,146664.0
484,2023-10-10,Peepal-Ficus religiosa,1.0,2.0,2.0,-2.0,-2.0,0.0,0.0,0.0,0.0,0.0,2023,36,28.69292,77.21028,695232.0,27171.0,145830.0
485,2023-10-10,Peepal-Ficus religiosa,2.0,2.0,2.0,-2.0,-2.0,0.0,0.0,0.0,0.0,0.0,2023,36,28.69292,77.21028,695226.0,27171.0,146662.0
486,2023-10-10,Peepal-Ficus religiosa,2.0,2.0,2.0,-2.0,-2.0,0.0,0.0,0.0,0.0,0.0,2023,36,28.69292,77.21028,695227.0,27075.0,146663.0
487,2023-11-13,Peepal-Ficus religiosa,-2.0,2.0,2.0,-2.0,-2.0,-2.0,-2.0,0.0,0.0,-2.0,2023,40,28.52062,77.21408,704933.0,28456.0,148571.0
488,2018-10-13,Pongam Tree-Pongamia pinnata,-1.0,2.0,-1.0,1.0,1.0,-2.0,-2.0,-2.0,-2.0,-2.0,2018,36,28.64052,77.12068,219769.0,17807.0,12220.0
489,2023-11-29,Pride of India-Lagerstroemia speciosa,1.0,2.0,2.0,-2.0,1.0,-2.0,-2.0,-2.0,2.0,-2.0,2023,42,28.62971,77.24545,707458.0,24423.0,150099.0
490,2019-09-16,Purple Bauhinia-Bauhinia purpurea,2.0,2.0,1.0,0.0,0.0,-2.0,-2.0,0.0,0.0,0.0,2019,33,28.49799,77.14786,357478.0,19387.0,76354.0
491,2019-12-08,Quickstick-Gliricidia sepium,2.0,2.0,2.0,-2.0,-2.0,-2.0,-2.0,-2.0,-2.0,-2.0,2019,44,28.70406,77.10255,381037.0,18129.0,80325.0
492,2020-03-30,Red Silk Cotton-Bombax ceiba,1.0,0.0,1.0,0.0,1.0,-2.0,-2.0,1.0,0.0,0.0,2020,11,28.59217,77.14836,410811.0,21789.0,87201.0
493,2020-03-09,Red Silk Cotton-Bombax ceiba,0.0,0.0,1.0,1.0,2.0,-2.0,-2.0,0.0,0.0,0.0,2020,8,28.59217,77.14836,405942.0,21789.0,87201.0
494,2015-08-21,Red Silk Cotton-Bombax ceiba,2.0,0.0,,0.0,0.0,,,0.0,0.0,,2015,30,28.59666,77.24554,103774.0,11622.0,5090.0
495,2023-05-17,Red Silk Cotton-Bombax ceiba,2.0,1.0,0.0,0.0,0.0,-2.0,-2.0,0.0,0.0,-2.0,2023,17,28.55443,77.26488,663039.0,20419.0,136602.0
496,2020-03-01,Red Silk Cotton-Bombax ceiba,0.0,0.0,0.0,2.0,2.0,-2.0,-2.0,0.0,0.0,0.0,2020,7,28.55605,77.09002,403819.0,17259.0,87044.0
497,2020-03-26,Red Silk Cotton-Bombax ceiba,0.0,1.0,1.0,1.0,1.0,-2.0,-2.0,1.0,0.0,0.0,2020,11,28.59217,77.14836,409812.0,21789.0,87201.0
498,2019-09-16,Red Silk Cotton-Bombax ceiba,1.0,2.0,0.0,0.0,0.0,-2.0,-2.0,0.0,0.0,0.0,2019,33,28.49799,77.14786,357481.0,19387.0,76357.0
499,2020-03-02,Red Silk Cotton-Bombax ceiba,0.0,1.0,1.0,1.0,1.0,-2.0,-2.0,0.0,0.0,0.0,2020,7,28.59217,77.14836,404399.0,21789.0,87201.0
500,2019-03-18,Red Silk Cotton-Bombax ceiba,0.0,0.0,0.0,1.0,2.0,-2.0,-2.0,-2.0,-2.0,-2.0,2019,9,28.6017,77.18967,302730.0,20195.0,42906.0
501,2022-09-02,Red Silk Cotton-Bombax ceiba,2.0,2.0,2.0,0.0,0.0,-2.0,-2.0,0.0,0.0,0.0,2022,31,28.5282,77.25309,610795.0,17259.0,122204.0
502,2020-03-30,Silkworm Mulberry-Morus alba,2.0,0.0,0.0,0.0,0.0,0.0,0.0,2.0,1.0,-2.0,2020,11,28.59217,77.14836,410807.0,21789.0,87208.0
503,2019-03-15,Silkworm Mulberry-Morus alba,2.0,2.0,0.0,0.0,0.0,0.0,0.0,0.0,0.0,-2.0,2019,9,28.63889,77.11645,290313.0,17807.0,31245.0
504,2020-03-09,Silkworm Mulberry-Morus alba,2.0,0.0,0.0,0.0,0.0,0.0,0.0,1.0,0.0,-2.0,2020,8,28.59217,77.14836,405941.0,21789.0,87208.0
505,2020-03-29,Silkworm Mulberry-Morus alba,2.0,0.0,0.0,0.0,0.0,0.0,0.0,1.0,0.0,-2.0,2020,11,28.59217,77.14836,410561.0,21789.0,87208.0
506,2020-03-02,Silkworm Mulberry-Morus alba,-1.0,0.0,0.0,0.0,0.0,-1.0,-1.0,2.0,0.0,-2.0,2020,7,28.59217,77.14836,404400.0,21789.0,87208.0
507,2020-03-17,Tamarind-Tamarindus indica,0.0,0.0,0.0,0.0,0.0,-2.0,-2.0,0.0,0.0,-2.0,2020,9,28.59378,77.14506,408393.0,21789.0,88834.0
508,2020-03-26,Tamarind-Tamarindus indica,1.0,0.0,0.0,0.0,0.0,-2.0,-2.0,0.0,0.0,-2.0,2020,11,28.59378,77.14506,409811.0,21789.0,88834.0
509,2021-09-05,Teak-Tectona grandis,-2.0,2.0,-2.0,2.0,-2.0,-2.0,-2.0,0.0,0.0,-2.0,2021,31,28.59512,77.24542,524684.0,17818.0,103112.0
510,2023-11-05,Toddy Palm-Borassus flabellifer,1.0,2.0,1.0,0.0,0.0,-2.0,-2.0,0.0,0.0,-2.0,2023,39,28.55058,77.2148,700900.0,28461.0,147713.0
511,2014-02-16,True Ashoka-Saraca asoca,0.0,1.0,,0.0,0.0,,,0.0,0.0,,2014,6,28.67639,77.09825,74141.0,10087.0,3607.0
512,2015-04-06,True Ashoka-Saraca asoca,0.0,2.0,,0.0,0.0,,,0.0,0.0,,2015,12,28.67639,77.09825,94080.0,10087.0,3607.0
513,2015-04-12,True Ashoka-Saraca asoca,0.0,2.0,,0.0,0.0,,,0.0,0.0,,2015,13,28.67639,77.09825,94198.0,10087.0,3607.0
514,2014-07-27,True Ashoka-Saraca asoca,1.0,2.0,,0.0,0.0,,,0.0,0.0,,2014,26,28.67639,77.09825,80087.0,10087.0,3607.0
515,2014-07-20,True Ashoka-Saraca asoca,1.0,2.0,,0.0,0.0,,,0.0,0.0,,2014,25,28.67639,77.09825,79985.0,10087.0,3607.0
516,2014-10-08,True Ashoka-Saraca asoca,1.0,2.0,,0.0,0.0,,,0.0,0.0,,2014,36,28.67639,77.09825,80246.0,10087.0,3607.0
517,2015-05-10,True Ashoka-Saraca asoca,1.0,2.0,,0.0,0.0,,,0.0,0.0,,2015,16,28.67639,77.09825,95938.0,10087.0,3607.0
518,2014-03-23,True Ashoka-Saraca asoca,0.0,2.0,,0.0,0.0,,,0.0,0.0,,2014,10,28.67639,77.09825,77269.0,10087.0,3607.0
519,2014-03-16,True Ashoka-Saraca asoca,0.0,2.0,,0.0,0.0,,,0.0,0.0,,2014,9,28.67639,77.09825,77102.0,10087.0,3607.0
520,2014-04-20,True Ashoka-Saraca asoca,1.0,2.0,,0.0,0.0,,,0.0,0.0,,2014,14,28.67639,77.09825,77710.0,10087.0,3607.0
521,2014-04-27,True Ashoka-Saraca asoca,1.0,2.0,,0.0,0.0,,,0.0,0.0,,2014,15,28.67639,77.09825,77883.0,10087.0,3607.0
522,2014-04-13,True Ashoka-Saraca asoca,0.0,1.0,,0.0,0.0,,,0.0,0.0,,2014,13,28.67639,77.09825,77458.0,10087.0,3607.0
523,2015-05-03,True Ashoka-Saraca asoca,2.0,2.0,,0.0,0.0,,,0.0,0.0,,2015,15,28.67639,77.09825,95716.0,10087.0,3607.0
524,2014-03-30,True Ashoka-Saraca asoca,0.0,2.0,,0.0,0.0,,,0.0,0.0,,2014,11,28.67639,77.09825,77418.0,10087.0,3607.0
525,2014-12-01,True Ashoka-Saraca asoca,1.0,2.0,,0.0,0.0,,,0.0,0.0,,2014,43,28.67639,77.09825,70855.0,10087.0,3607.0
526,2014-02-03,True Ashoka-Saraca asoca,1.0,2.0,,0.0,0.0,,,0.0,0.0,,2014,4,28.67639,77.09825,76691.0,10087.0,3607.0
527,2014-09-03,True Ashoka-Saraca asoca,0.0,2.0,,0.0,0.0,,,0.0,0.0,,2014,31,28.67639,77.09825,76900.0,10087.0,3607.0
528,2014-02-23,True Ashoka-Saraca asoca,0.0,2.0,,0.0,0.0,,,0.0,0.0,,2014,6,28.67639,77.09825,76456.0,10087.0,3607.0
529,2015-04-19,True Ashoka-Saraca asoca,1.0,2.0,,0.0,0.0,,,0.0,0.0,,2015,14,28.67639,77.09825,94917.0,10087.0,3607.0
530,2014-05-25,True Ashoka-Saraca asoca,1.0,2.0,,0.0,0.0,,,0.0,0.0,,2014,18,28.67639,77.09825,78283.0,10087.0,3607.0
531,2014-01-06,True Ashoka-Saraca asoca,1.0,2.0,,0.0,0.0,,,0.0,0.0,,2014,0,28.67639,77.09825,78359.0,10087.0,3607.0
532,2014-11-05,True Ashoka-Saraca asoca,1.0,2.0,,0.0,0.0,,,0.0,0.0,,2014,39,28.67639,77.09825,78021.0,10087.0,3607.0
533,2015-04-26,True Ashoka-Saraca asoca,1.0,2.0,,0.0,0.0,,,0.0,0.0,,2015,14,28.67639,77.09825,95460.0,10087.0,3607.0
534,2014-06-15,True Ashoka-Saraca asoca,1.0,2.0,,0.0,0.0,,,0.0,0.0,,2014,21,28.67639,77.09825,78670.0,10087.0,3607.0
535,2014-08-06,True Ashoka-Saraca asoca,1.0,2.0,,2.0,2.0,,,0.0,-1.0,,2014,28,28.67639,77.09825,78430.0,10087.0,3607.0
536,2014-01-19,True Ashoka-Saraca asoca,1.0,2.0,,0.0,0.0,,,0.0,0.0,,2014,2,28.67639,77.09825,71299.0,10087.0,3607.0
537,2014-09-02,True Ashoka-Saraca asoca,0.0,2.0,,0.0,0.0,,,0.0,0.0,,2014,31,28.67639,77.09825,73041.0,10087.0,3607.0
538,2014-05-01,True Ashoka-Saraca asoca,1.0,2.0,,0.0,0.0,,,0.0,0.0,,2014,15,28.67639,77.09825,70390.0,10087.0,3607.0
539,2014-02-02,True Ashoka-Saraca asoca,0.0,2.0,,0.0,0.0,,,0.0,0.0,,2014,4,28.67639,77.09825,72420.0,10087.0,3607.0
540,2023-11-04,True Ashoka-Saraca asoca,0.0,2.0,1.0,0.0,0.0,-2.0,-2.0,0.0,0.0,0.0,2023,39,28.64165,77.17797,700129.0,28461.0,147596.0
541,2021-07-11,True Ashoka-Saraca asoca,2.0,2.0,1.0,0.0,0.0,-2.0,-2.0,0.0,0.0,0.0,2021,24,28.69924,77.28424,511921.0,23384.0,101480.0
542,2014-01-26,True Ashoka-Saraca asoca,0.0,1.0,,0.0,0.0,,,0.0,0.0,,2014,3,28.67639,77.09825,71950.0,10087.0,3607.0
543,2015-03-22,True Ashoka-Saraca asoca,1.0,2.0,,0.0,0.0,,,0.0,0.0,,2015,10,28.67639,77.09825,93334.0,10087.0,3607.0
544,2015-06-28,True Ashoka-Saraca asoca,1.0,2.0,,0.0,0.0,,,0.0,0.0,,2015,23,28.67639,77.09825,99079.0,10087.0,3607.0
545,2015-03-29,True Ashoka-Saraca asoca,1.0,2.0,,0.0,0.0,,,0.0,0.0,,2015,11,28.67639,77.09825,93701.0,10087.0,3607.0
546,2019-03-18,Vilaiti Keekar-Prosopis juliflora,1.0,2.0,0.0,-2.0,-2.0,-2.0,-2.0,-2.0,-2.0,-2.0,2019,9,28.56563,77.17725,302823.0,20195.0,42999.0
547,2022-03-30,Wood Apple-Aegle marmelos,1.0,2.0,-2.0,-2.0,-2.0,-2.0,-2.0,2.0,-1.0,-2.0,2022,11,28.65409,77.14559,582299.0,24223.0,112565.0
548,2022-04-22,Wood Apple-Aegle marmelos,0.0,0.0,1.0,-2.0,-2.0,-2.0,-2.0,-2.0,1.0,-2.0,2022,14,28.48274,77.1113,588284.0,24564.0,115205.0
549,2023-12-10,Wood Apple-Aegle marmelos,2.0,-1.0,2.0,-1.0,-1.0,-2.0,-2.0,2.0,0.0,-2.0,2023,44,28.62355,77.14343,714388.0,28572.0,151744.0
550,2023-12-02,Wood Apple-Aegle marmelos,-1.0,2.0,2.0,-1.0,-1.0,0.0,0.0,2.0,0.0,0.0,2023,43,28.62355,77.14343,709813.0,28572.0,151744.0
551,2023-11-09,Wood Apple-Aegle marmelos,1.0,2.0,1.0,0.0,0.0,-2.0,-2.0,1.0,0.0,-2.0,2023,40,28.64143,77.17763,701809.0,28461.0,148059.0
552,2022-04-14,Kardhai-Anogeissus pendula,2.0,0.0,0.0,0.0,0.0,-2.0,-2.0,0.0,2.0,0.0,2022,13,28.48246,77.11449,584087.0,20039.0,112772.0
553,2022-08-27,Kardhai-Anogeissus pendula,0.0,2.0,0.0,2.0,1.0,-2.0,-2.0,1.0,0.0,-2.0,2022,30,28.48246,77.11449,608791.0,20039.0,112772.0
554,2022-05-21,Kardhai-Anogeissus pendula,1.0,0.0,0.0,0.0,0.0,-2.0,-2.0,0.0,0.0,0.0,2022,18,28.48246,77.11449,593275.0,20039.0,112772.0
555,2022-07-16,Kardhai-Anogeissus pendula,2.0,1.0,0.0,0.0,0.0,-2.0,-2.0,0.0,0.0,0.0,2022,25,28.48246,77.11449,600945.0,20039.0,112772.0
556,2022-05-12,Kardhai-Anogeissus pendula,1.0,0.0,0.0,0.0,0.0,0.0,0.0,0.0,0.0,0.0,2022,16,28.48246,77.11449,591747.0,20039.0,112772.0
557,2022-07-04,Kardhai-Anogeissus pendula,2.0,2.0,0.0,0.0,0.0,-2.0,-2.0,0.0,0.0,0.0,2022,23,28.48246,77.11449,599222.0,20039.0,112772.0
558,2022-12-10,Kardhai-Anogeissus pendula,0.0,2.0,1.0,0.0,0.0,-2.0,-2.0,1.0,2.0,-2.0,2022,44,28.48246,77.11449,626511.0,20039.0,112772.0
559,2022-10-15,Kardhai-Anogeissus pendula,2.0,2.0,0.0,0.0,1.0,0.0,0.0,1.0,2.0,0.0,2022,37,28.48246,77.11449,616278.0,20039.0,112772.0
560,2022-11-29,Kardhai-Anogeissus pendula,0.0,2.0,0.0,0.0,1.0,0.0,0.0,1.0,2.0,0.0,2022,42,28.48246,77.11449,622581.0,20039.0,112772.0
561,2022-09-18,Kardhai-Anogeissus pendula,2.0,2.0,0.0,2.0,2.0,-2.0,-2.0,2.0,1.0,-2.0,2022,33,28.48246,77.11449,612857.0,20039.0,112772.0
562,2022-06-06,Kardhai-Anogeissus pendula,2.0,1.0,0.0,0.0,0.0,-2.0,-2.0,0.0,0.0,0.0,2022,20,28.48246,77.11449,594988.0,20039.0,112772.0
563,2022-08-07,Kardhai-Anogeissus pendula,2.0,2.0,0.0,2.0,2.0,-2.0,-2.0,0.0,0.0,0.0,2022,28,28.48246,77.11449,604090.0,20039.0,112772.0
564,2022-09-11,Kardhai-Anogeissus pendula,1.0,2.0,0.0,1.0,2.0,-2.0,-2.0,2.0,1.0,-2.0,2022,32,28.48246,77.11449,611628.0,20039.0,112772.0
565,2022-05-12,Babool-Acacia nilotica,1.0,1.0,0.0,0.0,0.0,0.0,0.0,0.0,1.0,0.0,2022,16,28.4818,77.11037,591706.0,20039.0,112655.0
566,2022-05-01,Babool-Acacia nilotica,1.0,1.0,0.0,0.0,0.0,-2.0,-2.0,0.0,1.0,-2.0,2022,15,28.4818,77.11037,589564.0,20039.0,112655.0
567,2023-05-10,Babool-Acacia nilotica,2.0,1.0,0.0,0.0,0.0,0.0,0.0,2.0,0.0,0.0,2023,16,28.4818,77.11037,661417.0,20039.0,112655.0
568,2023-05-29,Babool-Acacia nilotica,2.0,0.0,0.0,0.0,0.0,0.0,0.0,0.0,2.0,0.0,2023,19,28.4818,77.11037,665896.0,20039.0,112655.0
569,2022-04-07,Babool-Acacia nilotica,1.0,2.0,0.0,0.0,0.0,0.0,0.0,2.0,0.0,0.0,2022,12,28.4818,77.11037,583164.0,20039.0,112655.0
570,2022-04-14,Babool-Acacia nilotica,1.0,2.0,0.0,0.0,0.0,-2.0,-2.0,2.0,0.0,-2.0,2022,13,28.4818,77.11037,584082.0,20039.0,112655.0
571,2019-11-28,Babool-Acacia nilotica,1.0,2.0,1.0,0.0,1.0,-2.0,-2.0,0.0,0.0,-2.0,2019,42,28.48359,77.1086,374976.0,21399.0,76620.0
572,2022-12-10,Babool-Acacia nilotica,1.0,2.0,0.0,0.0,0.0,0.0,0.0,0.0,0.0,0.0,2022,44,28.4818,77.11037,626488.0,20039.0,112655.0
573,2019-11-02,Babool-Acacia nilotica,0.0,2.0,0.0,0.0,2.0,-2.0,-2.0,0.0,0.0,-2.0,2019,39,28.48359,77.1086,368039.0,21399.0,76620.0
574,2019-10-23,Babool-Acacia nilotica,1.0,2.0,0.0,1.0,2.0,-2.0,-2.0,0.0,0.0,-2.0,2019,38,28.48359,77.1086,364860.0,21399.0,76620.0
575,2019-11-11,Babool-Acacia nilotica,0.0,2.0,0.0,0.0,2.0,-2.0,-2.0,0.0,0.0,-2.0,2019,40,28.48359,77.1086,371852.0,21399.0,76620.0
576,2019-12-18,Babool-Acacia nilotica,0.0,2.0,1.0,0.0,0.0,-2.0,-2.0,0.0,0.0,-2.0,2019,45,28.48359,77.1086,382988.0,21399.0,76620.0
577,2022-08-07,Babool-Acacia nilotica,1.0,2.0,0.0,2.0,2.0,0.0,0.0,0.0,0.0,0.0,2022,28,28.4818,77.11037,604082.0,20039.0,112655.0
578,2019-12-06,Babool-Acacia nilotica,1.0,2.0,0.0,0.0,1.0,-2.0,-2.0,0.0,0.0,-2.0,2019,43,28.48359,77.1086,377501.0,21399.0,76620.0
579,2022-09-11,Babool-Acacia nilotica,1.0,2.0,0.0,2.0,2.0,0.0,0.0,0.0,0.0,0.0,2022,32,28.4818,77.11037,611620.0,20039.0,112655.0
580,2022-09-18,Babool-Acacia nilotica,1.0,2.0,0.0,2.0,2.0,0.0,0.0,0.0,0.0,0.0,2022,33,28.4818,77.11037,612796.0,20039.0,112655.0
581,2019-10-10,Babool-Acacia nilotica,-1.0,2.0,0.0,1.0,2.0,-2.0,-2.0,0.0,0.0,-2.0,2019,36,28.48359,77.1086,363075.0,21399.0,76620.0
582,2022-11-05,Babool-Acacia nilotica,1.0,2.0,0.0,0.0,0.0,0.0,0.0,0.0,0.0,0.0,2022,39,28.4818,77.11037,618674.0,20039.0,112655.0
583,2022-11-13,Babool-Acacia nilotica,1.0,2.0,0.0,0.0,0.0,0.0,0.0,0.0,0.0,0.0,2022,40,28.4818,77.11037,619787.0,20039.0,112655.0
584,2022-08-27,Babool-Acacia nilotica,1.0,2.0,0.0,2.0,2.0,0.0,0.0,0.0,0.0,0.0,2022,30,28.4818,77.11037,608784.0,20039.0,112655.0
585,2022-10-15,Babool-Acacia nilotica,1.0,2.0,0.0,0.0,1.0,0.0,0.0,0.0,0.0,0.0,2022,37,28.4818,77.11037,616277.0,20039.0,112655.0
586,2022-10-12,Babool-Acacia nilotica,2.0,2.0,0.0,0.0,1.0,0.0,0.0,0.0,0.0,0.0,2022,36,28.4818,77.11037,615485.0,20039.0,112655.0
587,2022-06-06,Babool-Acacia nilotica,2.0,1.0,0.0,0.0,0.0,0.0,0.0,0.0,1.0,0.0,2022,20,28.4818,77.11037,594990.0,20039.0,112655.0
588,2022-05-21,Babool-Acacia nilotica,1.0,1.0,0.0,0.0,0.0,0.0,0.0,0.0,1.0,0.0,2022,18,28.4818,77.11037,593267.0,20039.0,112655.0
589,2022-07-04,Babool-Acacia nilotica,1.0,2.0,0.0,0.0,0.0,-2.0,-2.0,0.0,0.0,-2.0,2022,23,28.4818,77.11037,599248.0,20039.0,112655.0
590,2020-01-18,Babool-Acacia nilotica,2.0,1.0,0.0,0.0,0.0,-2.0,-2.0,1.0,0.0,-2.0,2020,2,28.48359,77.1086,391583.0,21399.0,76620.0
591,2022-07-16,Babool-Acacia nilotica,2.0,2.0,0.0,0.0,0.0,0.0,0.0,0.0,0.0,0.0,2022,25,28.4818,77.11037,600938.0,20039.0,112655.0
592,2019-12-30,Babool-Acacia nilotica,0.0,2.0,0.0,0.0,0.0,-2.0,-2.0,0.0,0.0,-2.0,2020,46,28.48359,77.1086,387316.0,21399.0,76620.0
593,2023-02-04,Babool-Acacia nilotica,1.0,2.0,0.0,0.0,0.0,0.0,0.0,0.0,0.0,0.0,2023,4,28.4818,77.11037,639430.0,20039.0,112655.0
594,2019-12-30,Ber-Ziziphus mauritiana,0.0,2.0,0.0,0.0,0.0,-2.0,-2.0,1.0,1.0,-2.0,2020,46,28.48164,77.10935,387335.0,21399.0,76686.0
595,2019-12-06,Ber-Ziziphus mauritiana,0.0,2.0,1.0,0.0,0.0,-2.0,-2.0,1.0,1.0,-2.0,2019,43,28.48164,77.10935,377498.0,21399.0,76686.0
596,2019-11-28,Ber-Ziziphus mauritiana,0.0,2.0,1.0,0.0,0.0,-2.0,-2.0,1.0,0.0,-2.0,2019,42,28.48164,77.10935,374973.0,21399.0,76686.0
597,2019-10-23,Ber-Ziziphus mauritiana,0.0,2.0,0.0,1.0,2.0,-2.0,-2.0,1.0,0.0,-2.0,2019,38,28.48164,77.10935,364870.0,21399.0,76686.0
598,2019-11-11,Ber-Ziziphus mauritiana,0.0,2.0,1.0,0.0,1.0,-2.0,-2.0,2.0,0.0,-2.0,2019,40,28.48164,77.10935,371843.0,21399.0,76686.0
599,2022-12-10,Chinese lantern tree-Dichrostachys cinerea,0.0,2.0,0.0,0.0,0.0,0.0,0.0,2.0,1.0,1.0,2022,44,28.48246,77.11449,626505.0,20039.0,112771.0
600,2022-05-01,Chinese lantern tree-Dichrostachys cinerea,1.0,2.0,0.0,1.0,0.0,0.0,0.0,0.0,1.0,0.0,2022,15,28.48246,77.11449,589479.0,20039.0,112771.0
601,2022-05-21,Chinese lantern tree-Dichrostachys cinerea,1.0,1.0,0.0,0.0,0.0,0.0,0.0,0.0,0.0,0.0,2022,18,28.48246,77.11449,593273.0,20039.0,112771.0
602,2022-10-15,Chinese lantern tree-Dichrostachys cinerea,1.0,2.0,0.0,0.0,0.0,0.0,0.0,2.0,0.0,0.0,2022,37,28.48246,77.11449,616280.0,20039.0,112771.0
603,2022-04-14,Chinese lantern tree-Dichrostachys cinerea,2.0,0.0,1.0,1.0,0.0,-2.0,-2.0,0.0,2.0,1.0,2022,13,28.48246,77.11449,584086.0,20039.0,112771.0
604,2022-11-29,Chinese lantern tree-Dichrostachys cinerea,1.0,2.0,0.0,0.0,0.0,0.0,0.0,2.0,1.0,0.0,2022,42,28.48246,77.11449,622524.0,20039.0,112771.0
605,2022-07-16,Chinese lantern tree-Dichrostachys cinerea,1.0,2.0,0.0,2.0,2.0,-2.0,-2.0,0.0,0.0,0.0,2022,25,28.48246,77.11449,600943.0,20039.0,112771.0
606,2022-08-27,Chinese lantern tree-Dichrostachys cinerea,1.0,2.0,0.0,0.0,0.0,0.0,0.0,0.0,0.0,0.0,2022,30,28.48246,77.11449,608792.0,20039.0,112771.0
607,2022-08-07,Chinese lantern tree-Dichrostachys cinerea,1.0,2.0,0.0,0.0,0.0,-2.0,-2.0,0.0,0.0,0.0,2022,28,28.48246,77.11449,604088.0,20039.0,112771.0
608,2022-05-12,Chinese lantern tree-Dichrostachys cinerea,0.0,1.0,0.0,0.0,0.0,-2.0,-2.0,0.0,1.0,1.0,2022,16,28.48246,77.11449,591754.0,20039.0,112771.0
609,2022-07-04,Chinese lantern tree-Dichrostachys cinerea,2.0,1.0,1.0,2.0,2.0,-2.0,-2.0,0.0,0.0,0.0,2022,23,28.48246,77.11449,599220.0,20039.0,112771.0
610,2022-09-18,Chinese lantern tree-Dichrostachys cinerea,1.0,2.0,0.0,0.0,0.0,0.0,0.0,0.0,0.0,0.0,2022,33,28.48246,77.11449,612839.0,20039.0,112771.0
611,2022-06-06,Chinese lantern tree-Dichrostachys cinerea,2.0,1.0,0.0,2.0,0.0,-2.0,-2.0,0.0,0.0,0.0,2022,20,28.48246,77.11449,594985.0,20039.0,112771.0
612,2022-11-01,Coconut palm-Cocos nucifera,2.0,1.0,1.0,1.0,2.0,-2.0,-2.0,2.0,1.0,-2.0,2022,39,28.56559,77.23722,618469.0,22149.0,123441.0
613,2023-02-22,Coconut palm-Cocos nucifera,0.0,1.0,0.0,0.0,1.0,0.0,0.0,1.0,1.0,0.0,2023,6,28.56559,77.23722,644219.0,22149.0,123441.0
614,2022-10-15,Garlic-pear tree-Crataeva religiosa,1.0,2.0,1.0,0.0,0.0,0.0,0.0,0.0,1.0,0.0,2022,37,28.4818,77.11037,616285.0,20039.0,112774.0
615,2022-05-12,Garlic-pear tree-Crataeva religiosa,1.0,2.0,0.0,0.0,0.0,-2.0,-2.0,2.0,0.0,-2.0,2022,16,28.4818,77.11037,591714.0,20039.0,112774.0
616,2022-08-27,Garlic-pear tree-Crataeva religiosa,0.0,2.0,1.0,0.0,0.0,-2.0,-2.0,2.0,1.0,-2.0,2022,30,28.4818,77.11037,608785.0,20039.0,112774.0
617,2022-11-05,Garlic-pear tree-Crataeva religiosa,0.0,2.0,1.0,0.0,0.0,0.0,0.0,0.0,0.0,0.0,2022,39,28.4818,77.11037,618673.0,20039.0,112774.0
618,2022-08-07,Garlic-pear tree-Crataeva religiosa,0.0,2.0,0.0,0.0,0.0,0.0,0.0,0.0,2.0,0.0,2022,28,28.4818,77.11037,604083.0,20039.0,112774.0
619,2022-09-11,Garlic-pear tree-Crataeva religiosa,1.0,2.0,1.0,0.0,0.0,-2.0,-2.0,0.0,0.0,-2.0,2022,32,28.4818,77.11037,611621.0,20039.0,112774.0
620,2022-09-18,Garlic-pear tree-Crataeva religiosa,1.0,2.0,1.0,0.0,0.0,0.0,0.0,0.0,0.0,0.0,2022,33,28.4818,77.11037,612795.0,20039.0,112774.0
621,2022-05-01,Garlic-pear tree-Crataeva religiosa,2.0,2.0,0.0,0.0,1.0,-2.0,-2.0,2.0,0.0,-2.0,2022,15,28.4818,77.11037,589566.0,20039.0,112774.0
622,2023-03-31,Garlic-pear tree-Crataeva religiosa,1.0,0.0,0.0,0.0,0.0,0.0,0.0,0.0,0.0,0.0,2023,11,28.4818,77.11037,651644.0,20039.0,112774.0
623,2022-05-21,Garlic-pear tree-Crataeva religiosa,1.0,2.0,0.0,0.0,0.0,0.0,0.0,2.0,0.0,0.0,2022,18,28.4818,77.11037,593268.0,20039.0,112774.0
624,2023-02-04,Garlic-pear tree-Crataeva religiosa,0.0,0.0,1.0,0.0,0.0,0.0,0.0,0.0,0.0,0.0,2023,4,28.4818,77.11037,639429.0,20039.0,112774.0
625,2022-04-14,Garlic-pear tree-Crataeva religiosa,2.0,1.0,0.0,2.0,2.0,-2.0,-2.0,0.0,0.0,-2.0,2022,13,28.4818,77.11037,584095.0,20039.0,112774.0
626,2022-07-04,Garlic-pear tree-Crataeva religiosa,1.0,2.0,0.0,0.0,0.0,-2.0,-2.0,2.0,0.0,-2.0,2022,23,28.4818,77.11037,599252.0,20039.0,112774.0
627,2022-07-16,Garlic-pear tree-Crataeva religiosa,0.0,2.0,0.0,0.0,0.0,0.0,0.0,1.0,2.0,0.0,2022,25,28.4818,77.11037,600937.0,20039.0,112774.0
628,2022-04-07,Garlic-pear tree-Crataeva religiosa,2.0,0.0,0.0,2.0,1.0,-2.0,-2.0,0.0,0.0,-2.0,2022,12,28.48164,77.11266,583165.0,20039.0,112656.0
629,2022-06-06,Garlic-pear tree-Crataeva religiosa,1.0,2.0,0.0,0.0,0.0,0.0,0.0,2.0,0.0,0.0,2022,20,28.4818,77.11037,594989.0,20039.0,112774.0
630,2022-08-07,Flame of the Forest-Butea monosperma,0.0,2.0,0.0,0.0,0.0,-2.0,-2.0,0.0,0.0,-2.0,2022,28,28.4824,77.11357,604087.0,20039.0,112652.0
631,2022-06-06,Flame of the Forest-Butea monosperma,1.0,2.0,0.0,0.0,0.0,-2.0,-2.0,0.0,0.0,-2.0,2022,20,28.4824,77.11357,594984.0,20039.0,112652.0
632,2022-05-12,Flame of the Forest-Butea monosperma,2.0,0.0,0.0,0.0,0.0,-2.0,-2.0,1.0,0.0,-2.0,2022,16,28.4824,77.11357,591743.0,20039.0,112652.0
633,2022-05-21,Flame of the Forest-Butea monosperma,2.0,1.0,0.0,0.0,0.0,-2.0,-2.0,0.0,0.0,-2.0,2022,18,28.4824,77.11357,593272.0,20039.0,112652.0
634,2022-04-07,Flame of the Forest-Butea monosperma,0.0,1.0,1.0,2.0,2.0,-2.0,-2.0,0.0,0.0,-2.0,2022,12,28.4824,77.11357,583161.0,20039.0,112652.0
635,2022-09-11,Flame of the Forest-Butea monosperma,0.0,2.0,0.0,0.0,0.0,-2.0,-2.0,0.0,0.0,-2.0,2022,32,28.4824,77.11357,611625.0,20039.0,112652.0
636,2023-05-10,Flame of the Forest-Butea monosperma,0.0,0.0,0.0,0.0,0.0,0.0,0.0,0.0,0.0,0.0,2023,16,28.4824,77.11357,661444.0,20039.0,112652.0
637,2022-04-14,Flame of the Forest-Butea monosperma,0.0,0.0,1.0,1.0,2.0,0.0,0.0,1.0,0.0,0.0,2022,13,28.4824,77.11357,584085.0,20039.0,112652.0
638,2022-10-15,Flame of the Forest-Butea monosperma,0.0,2.0,1.0,0.0,0.0,0.0,0.0,0.0,0.0,0.0,2022,37,28.4824,77.11357,616281.0,20039.0,112652.0
639,2022-07-16,Flame of the Forest-Butea monosperma,0.0,2.0,0.0,0.0,0.0,-2.0,-2.0,0.0,0.0,-2.0,2022,25,28.4824,77.11357,600942.0,20039.0,112652.0
640,2022-05-01,Flame of the Forest-Butea monosperma,1.0,0.0,0.0,0.0,1.0,0.0,0.0,2.0,1.0,0.0,2022,15,28.4824,77.11357,589523.0,20039.0,112652.0
641,2022-09-18,Flame of the Forest-Butea monosperma,0.0,2.0,0.0,0.0,0.0,-2.0,-2.0,0.0,0.0,-2.0,2022,33,28.4824,77.11357,612829.0,20039.0,112652.0
642,2022-11-29,Flame of the Forest-Butea monosperma,0.0,2.0,0.0,0.0,0.0,-2.0,-2.0,0.0,0.0,-2.0,2022,42,28.4824,77.11357,622520.0,20039.0,112652.0
643,2022-07-04,Flame of the Forest-Butea monosperma,1.0,2.0,0.0,0.0,0.0,0.0,0.0,0.0,0.0,0.0,2022,23,28.4824,77.11357,599216.0,20039.0,112652.0
644,2022-08-27,Flame of the Forest-Butea monosperma,1.0,2.0,0.0,0.0,0.0,0.0,0.0,0.0,0.0,0.0,2022,30,28.4824,77.11357,608789.0,20039.0,112652.0
645,2022-10-26,Flame of the Forest-Butea monosperma,0.0,2.0,0.0,0.0,0.0,0.0,0.0,0.0,0.0,0.0,2022,38,28.4824,77.11357,617122.0,20039.0,112652.0
646,2020-01-18,Gamar-Gmelina arborea,0.0,1.0,1.0,0.0,0.0,-2.0,-2.0,0.0,0.0,-2.0,2020,2,28.48164,77.10935,391585.0,21399.0,76683.0
647,2019-11-11,Gamar-Gmelina arborea,0.0,1.0,2.0,0.0,0.0,-2.0,-2.0,0.0,0.0,-2.0,2019,40,28.48164,77.10935,371849.0,21399.0,76683.0
648,2019-12-06,Gamar-Gmelina arborea,0.0,1.0,1.0,0.0,0.0,-2.0,-2.0,0.0,0.0,-2.0,2019,43,28.48164,77.10935,377500.0,21399.0,76683.0
649,2019-11-28,Gamar-Gmelina arborea,0.0,1.0,1.0,0.0,0.0,-2.0,-2.0,0.0,0.0,-2.0,2019,42,28.48164,77.10935,374975.0,21399.0,76683.0
650,2019-10-23,Gamar-Gmelina arborea,0.0,2.0,2.0,0.0,0.0,-2.0,-2.0,0.0,0.0,-2.0,2019,38,28.48164,77.10935,364859.0,21399.0,76683.0
651,2019-11-02,Gamar-Gmelina arborea,0.0,1.0,1.0,0.0,0.0,-2.0,-2.0,0.0,0.0,-2.0,2019,39,28.48164,77.10935,368038.0,21399.0,76683.0
652,2019-12-30,Gamar-Gmelina arborea,0.0,1.0,1.0,0.0,0.0,-2.0,-2.0,0.0,0.0,-2.0,2020,46,28.48164,77.10935,387317.0,21399.0,76683.0
653,2019-12-18,Gamar-Gmelina arborea,0.0,1.0,1.0,0.0,0.0,-2.0,-2.0,0.0,0.0,-2.0,2019,45,28.48164,77.10935,382991.0,21399.0,76683.0
654,2019-12-06,Ghost Tree-Sterculia urens,0.0,1.0,1.0,0.0,0.0,0.0,-2.0,0.0,0.0,0.0,2019,43,28.48164,77.10935,377503.0,21399.0,76687.0
655,2019-11-02,Ghost Tree-Sterculia urens,0.0,1.0,1.0,0.0,0.0,0.0,-2.0,0.0,0.0,0.0,2019,39,28.48164,77.10935,368041.0,21399.0,76687.0
656,2019-10-23,Ghost Tree-Sterculia urens,0.0,1.0,2.0,0.0,0.0,0.0,-2.0,0.0,0.0,0.0,2019,38,28.48164,77.10935,364871.0,21399.0,76687.0
657,2019-12-14,Ghost Tree-Sterculia urens,0.0,1.0,1.0,0.0,0.0,0.0,-2.0,0.0,0.0,0.0,2019,44,28.48164,77.10935,381629.0,21399.0,76687.0
658,2020-01-18,Ghost Tree-Sterculia urens,0.0,0.0,1.0,0.0,0.0,0.0,-2.0,0.0,0.0,0.0,2020,2,28.48164,77.10935,391580.0,21399.0,76687.0
659,2019-11-28,Ghost Tree-Sterculia urens,0.0,1.0,1.0,0.0,0.0,0.0,-2.0,0.0,0.0,0.0,2019,42,28.48164,77.10935,374984.0,21399.0,76687.0
660,2021-06-09,Indian Laburnum-Cassia fistula,1.0,2.0,0.0,2.0,2.0,0.0,0.0,0.0,0.0,0.0,2021,20,28.55755,77.24092,505001.0,19261.0,100854.0
661,2021-06-09,Indian Laburnum-Cassia fistula,1.0,2.0,0.0,2.0,2.0,0.0,0.0,0.0,0.0,0.0,2021,20,28.55755,77.24092,505002.0,19261.0,100853.0
662,2022-04-14,Jhinjheri-Bauhinia racemosa,0.0,1.0,0.0,0.0,0.0,0.0,0.0,0.0,2.0,0.0,2022,13,28.48164,77.11266,584083.0,20039.0,112769.0
663,2019-12-30,Kaim-Mitragyna parviflora,0.0,2.0,2.0,0.0,0.0,-2.0,-2.0,0.0,0.0,0.0,2020,46,28.48164,77.10935,387327.0,21399.0,76685.0
664,2019-11-28,Kaim-Mitragyna parviflora,0.0,2.0,2.0,0.0,0.0,-2.0,-2.0,0.0,0.0,0.0,2019,42,28.48164,77.10935,374974.0,21399.0,76685.0
665,2019-11-11,Kaim-Mitragyna parviflora,0.0,2.0,2.0,0.0,0.0,-2.0,-2.0,0.0,0.0,0.0,2019,40,28.48164,77.10935,371846.0,21399.0,76685.0
666,2019-10-23,Kaim-Mitragyna parviflora,1.0,2.0,0.0,0.0,0.0,-2.0,-2.0,0.0,0.0,0.0,2019,38,28.48164,77.10935,364862.0,21399.0,76685.0
667,2019-12-06,Kaim-Mitragyna parviflora,0.0,2.0,1.0,0.0,0.0,-2.0,-2.0,0.0,0.0,0.0,2019,43,28.48164,77.10935,377499.0,21399.0,76685.0
668,2022-02-22,Neem-Azadirachta indica,0.0,2.0,1.0,0.0,0.0,0.0,0.0,0.0,0.0,0.0,2022,6,28.56424,77.23645,574085.0,19387.0,90124.0
669,2021-03-17,Neem-Azadirachta indica,2.0,2.0,1.0,0.0,0.0,-2.0,-2.0,0.0,0.0,-2.0,2021,9,28.56424,77.23645,492170.0,19387.0,90124.0
670,2021-02-03,Neem-Azadirachta indica,1.0,2.0,0.0,0.0,0.0,-2.0,-2.0,0.0,0.0,-2.0,2021,4,28.72087,77.12364,476118.0,22892.0,98488.0
671,2021-01-25,Neem-Azadirachta indica,0.0,2.0,0.0,0.0,0.0,0.0,0.0,0.0,0.0,0.0,2021,3,28.72087,77.12364,476117.0,22892.0,98488.0
672,2020-10-12,Neem-Azadirachta indica,1.0,2.0,1.0,0.0,0.0,-2.0,-2.0,0.0,0.0,-2.0,2020,36,28.56424,77.23645,446258.0,19387.0,90124.0
673,2021-08-30,Neem-Azadirachta indica,1.0,2.0,0.0,0.0,0.0,0.0,0.0,0.0,0.0,0.0,2021,31,28.68091,77.20459,523327.0,20811.0,102845.0
674,2020-10-12,Pongam Tree-Pongamia pinnata,1.0,2.0,1.0,0.0,0.0,0.0,0.0,0.0,0.0,0.0,2020,36,28.56424,77.23645,446256.0,19387.0,90123.0
675,2021-03-17,Pongam Tree-Pongamia pinnata,0.0,2.0,2.0,0.0,0.0,-2.0,-2.0,0.0,-1.0,-2.0,2021,9,28.56424,77.23645,492171.0,19387.0,90123.0
676,2022-02-22,Pongam Tree-Pongamia pinnata,0.0,2.0,1.0,0.0,0.0,0.0,0.0,0.0,0.0,0.0,2022,6,28.56424,77.23645,574084.0,19387.0,90123.0
677,2020-03-07,Red Silk Cotton-Bombax ceiba,0.0,2.0,1.0,1.0,2.0,-2.0,-2.0,0.0,0.0,0.0,2020,8,28.56411,77.23631,405612.0,19387.0,87680.0
678,2020-10-12,Red Silk Cotton-Bombax ceiba,1.0,2.0,1.0,0.0,0.0,0.0,0.0,0.0,0.0,0.0,2020,36,28.56411,77.23631,446255.0,19387.0,87680.0
679,2023-03-11,Red Silk Cotton-Bombax ceiba,1.0,1.0,1.0,2.0,2.0,0.0,0.0,1.0,0.0,0.0,2023,9,28.56411,77.23631,647088.0,19387.0,87680.0
680,2021-03-17,Red Silk Cotton-Bombax ceiba,1.0,1.0,2.0,2.0,1.0,0.0,0.0,0.0,0.0,0.0,2021,9,28.56411,77.23631,492168.0,19387.0,87680.0
681,2022-08-07,Siris-Albizia lebbeck,1.0,2.0,0.0,0.0,0.0,-2.0,-2.0,1.0,0.0,-2.0,2022,28,28.48177,77.11158,604091.0,20039.0,112650.0
682,2022-07-16,Siris-Albizia lebbeck,1.0,2.0,0.0,0.0,0.0,0.0,0.0,0.0,1.0,0.0,2022,25,28.48177,77.11158,600941.0,20039.0,112650.0
683,2022-11-29,Siris-Albizia lebbeck,0.0,2.0,0.0,0.0,0.0,0.0,0.0,0.0,2.0,0.0,2022,42,28.48177,77.11158,622517.0,20039.0,112650.0
684,2022-07-04,Siris-Albizia lebbeck,1.0,2.0,0.0,0.0,0.0,-2.0,-2.0,0.0,1.0,-2.0,2022,23,28.48177,77.11158,599227.0,20039.0,112650.0
685,2022-08-27,Siris-Albizia lebbeck,1.0,2.0,0.0,0.0,0.0,0.0,0.0,2.0,0.0,0.0,2022,30,28.48177,77.11158,608788.0,20039.0,112650.0
686,2022-04-14,Siris-Albizia lebbeck,0.0,2.0,0.0,2.0,2.0,0.0,0.0,0.0,2.0,0.0,2022,13,28.48177,77.11158,584090.0,20039.0,112650.0
687,2022-04-07,Siris-Albizia lebbeck,2.0,0.0,0.0,2.0,2.0,0.0,0.0,0.0,0.0,0.0,2022,12,28.48177,77.11158,583152.0,20039.0,112650.0
688,2022-09-18,Siris-Albizia lebbeck,1.0,2.0,0.0,0.0,0.0,-2.0,-2.0,2.0,1.0,-2.0,2022,33,28.48177,77.11158,612805.0,20039.0,112650.0
689,2022-12-10,Siris-Albizia lebbeck,0.0,2.0,0.0,0.0,0.0,0.0,0.0,0.0,2.0,0.0,2022,44,28.48177,77.11158,626497.0,20039.0,112650.0
690,2022-10-26,Siris-Albizia lebbeck,0.0,2.0,1.0,0.0,0.0,0.0,0.0,0.0,2.0,0.0,2022,38,28.48177,77.11158,617121.0,20039.0,112650.0
691,2022-10-15,Siris-Albizia lebbeck,1.0,2.0,0.0,0.0,0.0,0.0,0.0,2.0,0.0,0.0,2022,37,28.48177,77.11158,616282.0,20039.0,112650.0
692,2022-05-21,Siris-Albizia lebbeck,1.0,2.0,0.0,0.0,0.0,-2.0,-2.0,0.0,1.0,-2.0,2022,18,28.48177,77.11158,593271.0,20039.0,112650.0
693,2022-06-06,Siris-Albizia lebbeck,0.0,2.0,0.0,0.0,0.0,-2.0,-2.0,0.0,0.0,-2.0,2022,20,28.48177,77.11158,594983.0,20039.0,112650.0
694,2022-09-11,Siris-Albizia lebbeck,1.0,2.0,1.0,0.0,0.0,-2.0,-2.0,2.0,0.0,-2.0,2022,32,28.48177,77.11158,611624.0,20039.0,112650.0
695,2022-05-01,Siris-Albizia lebbeck,0.0,2.0,0.0,0.0,1.0,-2.0,-2.0,0.0,2.0,-2.0,2022,15,28.48177,77.11158,589516.0,20039.0,112650.0
696,2022-05-12,Siris-Albizia lebbeck,0.0,2.0,0.0,0.0,0.0,0.0,0.0,0.0,1.0,0.0,2022,16,28.48177,77.11158,591742.0,20039.0,112650.0
697,2022-10-15,Takoli-Dalbergia lanceolaria,1.0,2.0,0.0,0.0,0.0,0.0,0.0,1.0,0.0,0.0,2022,37,28.48246,77.11449,616275.0,20039.0,112770.0
698,2022-09-18,Takoli-Dalbergia lanceolaria,1.0,2.0,0.0,0.0,0.0,-2.0,-2.0,0.0,2.0,-2.0,2022,33,28.48246,77.11449,612797.0,20039.0,112770.0
699,2022-06-06,Takoli-Dalbergia lanceolaria,1.0,2.0,0.0,0.0,0.0,0.0,0.0,1.0,2.0,0.0,2022,20,28.48246,77.11449,594981.0,20039.0,112770.0
700,2022-05-01,Takoli-Dalbergia lanceolaria,2.0,2.0,0.0,0.0,1.0,0.0,0.0,2.0,1.0,0.0,2022,15,28.48246,77.11449,589561.0,20039.0,112770.0
701,2022-07-16,Takoli-Dalbergia lanceolaria,2.0,2.0,0.0,0.0,0.0,0.0,0.0,1.0,2.0,0.0,2022,25,28.48246,77.11449,600939.0,20039.0,112770.0
702,2022-04-14,Takoli-Dalbergia lanceolaria,1.0,0.0,0.0,1.0,2.0,-2.0,-2.0,0.0,2.0,-2.0,2022,13,28.48246,77.11449,584084.0,20039.0,112770.0
703,2022-11-05,Takoli-Dalbergia lanceolaria,1.0,2.0,0.0,0.0,0.0,0.0,0.0,1.0,0.0,0.0,2022,39,28.48246,77.11449,618675.0,20039.0,112770.0
704,2022-05-21,Takoli-Dalbergia lanceolaria,2.0,1.0,0.0,0.0,0.0,-2.0,-2.0,2.0,1.0,-2.0,2022,18,28.48246,77.11449,593269.0,20039.0,112770.0
705,2022-05-12,Takoli-Dalbergia lanceolaria,1.0,2.0,0.0,0.0,0.0,0.0,0.0,2.0,1.0,0.0,2022,16,28.48246,77.11449,591720.0,20039.0,112770.0
706,2023-03-31,Takoli-Dalbergia lanceolaria,1.0,1.0,0.0,0.0,0.0,0.0,0.0,0.0,2.0,0.0,2023,11,28.48246,77.11449,651647.0,20039.0,112770.0
707,2023-05-29,Takoli-Dalbergia lanceolaria,2.0,1.0,1.0,0.0,0.0,0.0,0.0,2.0,1.0,0.0,2023,19,28.48246,77.11449,665894.0,20039.0,112770.0
708,2023-05-10,Takoli-Dalbergia lanceolaria,2.0,0.0,0.0,0.0,1.0,0.0,0.0,2.0,0.0,0.0,2023,16,28.48246,77.11449,661418.0,20039.0,112770.0
709,2022-10-12,Takoli-Dalbergia lanceolaria,1.0,2.0,0.0,0.0,0.0,0.0,0.0,1.0,0.0,0.0,2022,36,28.48246,77.11449,615486.0,20039.0,112770.0
710,2022-08-07,Takoli-Dalbergia lanceolaria,2.0,2.0,0.0,0.0,0.0,-2.0,-2.0,2.0,1.0,-2.0,2022,28,28.48246,77.11449,604084.0,20039.0,112770.0
711,2022-08-27,Takoli-Dalbergia lanceolaria,2.0,2.0,0.0,0.0,0.0,-2.0,-2.0,0.0,1.0,-2.0,2022,30,28.48246,77.11449,608786.0,20039.0,112770.0
712,2022-09-11,Takoli-Dalbergia lanceolaria,2.0,2.0,0.0,0.0,0.0,-2.0,-2.0,0.0,2.0,-2.0,2022,32,28.48246,77.11449,611622.0,20039.0,112770.0
713,2022-07-04,Takoli-Dalbergia lanceolaria,2.0,2.0,0.0,0.0,0.0,0.0,0.0,2.0,0.0,0.0,2022,23,28.48246,77.11449,599212.0,20039.0,112770.0
714,2022-12-10,Takoli-Dalbergia lanceolaria,0.0,2.0,1.0,0.0,0.0,0.0,0.0,1.0,0.0,0.0,2022,44,28.48246,77.11449,626489.0,20039.0,112770.0
715,2023-02-04,Takoli-Dalbergia lanceolaria,0.0,2.0,0.0,0.0,0.0,-2.0,-2.0,0.0,0.0,-2.0,2023,4,28.48246,77.11449,639431.0,20039.0,112770.0
716,2022-07-04,White Babool-Acacia leucophloea,1.0,2.0,0.0,0.0,0.0,-2.0,-2.0,0.0,0.0,-2.0,2022,23,28.48246,77.11449,599221.0,20039.0,112651.0
717,2022-05-21,White Babool-Acacia leucophloea,2.0,2.0,0.0,0.0,0.0,-2.0,-2.0,0.0,0.0,-2.0,2022,18,28.48246,77.11449,593274.0,20039.0,112651.0
718,2022-06-06,White Babool-Acacia leucophloea,1.0,2.0,0.0,0.0,0.0,-2.0,-2.0,0.0,0.0,-2.0,2022,20,28.48246,77.11449,594987.0,20039.0,112651.0
719,2022-09-18,White Babool-Acacia leucophloea,2.0,2.0,0.0,2.0,2.0,-2.0,-2.0,0.0,0.0,-2.0,2022,33,28.48246,77.11449,612853.0,20039.0,112651.0
720,2019-11-02,White Babool-Acacia leucophloea,0.0,2.0,0.0,1.0,2.0,-2.0,-2.0,1.0,0.0,-2.0,2019,39,28.48164,77.10935,368040.0,21399.0,76684.0
721,2022-09-11,White Babool-Acacia leucophloea,1.0,2.0,0.0,2.0,1.0,-2.0,-2.0,0.0,0.0,-2.0,2022,32,28.48246,77.11449,611627.0,20039.0,112651.0
722,2022-05-01,White Babool-Acacia leucophloea,2.0,2.0,0.0,0.0,0.0,0.0,0.0,1.0,0.0,0.0,2022,15,28.48246,77.11449,589492.0,20039.0,112651.0
723,2019-10-10,White Babool-Acacia leucophloea,1.0,2.0,0.0,2.0,2.0,-2.0,-2.0,0.0,0.0,-2.0,2019,36,28.48164,77.10935,363074.0,21399.0,76619.0
724,2019-11-28,White Babool-Acacia leucophloea,0.0,2.0,0.0,0.0,1.0,-2.0,-2.0,2.0,1.0,-2.0,2019,42,28.48164,77.10935,374980.0,21399.0,76684.0
725,2022-04-07,White Babool-Acacia leucophloea,2.0,0.0,0.0,0.0,0.0,-2.0,-2.0,1.0,1.0,-2.0,2022,12,28.48246,77.11449,583159.0,20039.0,112651.0
726,2022-12-10,White Babool-Acacia leucophloea,0.0,2.0,1.0,0.0,0.0,-2.0,-2.0,2.0,0.0,-2.0,2022,44,28.48246,77.11449,626510.0,20039.0,112651.0
727,2019-11-11,White Babool-Acacia leucophloea,0.0,2.0,0.0,0.0,1.0,-2.0,-2.0,2.0,1.0,-2.0,2019,40,28.48164,77.10935,371862.0,21399.0,76684.0
728,2022-04-14,White Babool-Acacia leucophloea,0.0,2.0,0.0,0.0,0.0,0.0,0.0,0.0,1.0,0.0,2022,13,28.48246,77.11449,584088.0,20039.0,112651.0
729,2022-08-07,White Babool-Acacia leucophloea,1.0,2.0,0.0,0.0,0.0,-2.0,-2.0,0.0,0.0,-2.0,2022,28,28.48246,77.11449,604089.0,20039.0,112651.0
730,2022-11-29,White Babool-Acacia leucophloea,0.0,2.0,0.0,0.0,0.0,0.0,0.0,2.0,0.0,0.0,2022,42,28.48246,77.11449,622578.0,20039.0,112651.0
731,2022-05-12,White Babool-Acacia leucophloea,1.0,2.0,0.0,0.0,0.0,-2.0,-2.0,0.0,1.0,-2.0,2022,16,28.48246,77.11449,591746.0,20039.0,112651.0
732,2022-08-27,White Babool-Acacia leucophloea,1.0,2.0,0.0,2.0,0.0,0.0,0.0,0.0,0.0,0.0,2022,30,28.48246,77.11449,608790.0,20039.0,112651.0
733,2019-10-23,White Babool-Acacia leucophloea,1.0,2.0,0.0,2.0,2.0,-2.0,-2.0,0.0,0.0,-2.0,2019,38,28.48164,77.10935,364861.0,21399.0,76684.0
734,2022-07-16,White Babool-Acacia leucophloea,2.0,2.0,0.0,0.0,0.0,-2.0,-2.0,0.0,0.0,-2.0,2022,25,28.48246,77.11449,600944.0,20039.0,112651.0
735,2022-10-15,White Babool-Acacia leucophloea,1.0,2.0,0.0,2.0,2.0,0.0,0.0,0.0,0.0,0.0,2022,37,28.48246,77.11449,616279.0,20039.0,112651.0
736,2019-12-06,White Babool-Acacia leucophloea,0.0,2.0,0.0,0.0,0.0,-2.0,-2.0,1.0,2.0,-2.0,2019,43,28.48164,77.10935,377502.0,21399.0,76684.0
737,2022-10-26,White Babool-Acacia leucophloea,0.0,2.0,0.0,2.0,2.0,0.0,0.0,2.0,0.0,0.0,2022,38,28.48246,77.11449,617123.0,20039.0,112651.0
738,2019-12-30,White Babool-Acacia leucophloea,0.0,2.0,0.0,0.0,0.0,-2.0,-2.0,0.0,2.0,-2.0,2020,46,28.48164,77.10935,387322.0,21399.0,76684.0
739,2021-03-17,Wood Apple-Aegle marmelos,0.0,2.0,1.0,0.0,0.0,0.0,0.0,1.0,-1.0,0.0,2021,9,28.56414,77.23643,492169.0,19387.0,90125.0
740,2020-10-12,Wood Apple-Aegle marmelos,1.0,2.0,1.0,0.0,0.0,0.0,0.0,1.0,0.0,0.0,2020,36,28.56414,77.23643,446257.0,19387.0,90125.0
