Observation_ID,Date_of_observation,User_id,User_Tree_id,Species_id,Species_name,Lat,Long,State_name,Leaves_fresh,Leaves_mature,Leaves_old,Flowers_bud,Flowers_open,Flowers_male,Flowers_Female,Fruits_unripe,Fruits_ripe,Fruits_open,Year,Week
295202.0,2019-03-16,18810.0,35457.0,1063.0,Amla-Phyllanthus emblica,26.83961,92.81174,Assam,0.0,1.0,1.0,1.0,0.0,-2.0,-2.0,1.0,2.0,-2.0,2019,9
351588.0,2019-09-13,21312.0,69442.0,1063.0,Amla-Phyllanthus emblica,26.18687,91.74778,Assam,2.0,2.0,1.0,1.0,1.0,-2.0,-2.0,2.0,1.0,-2.0,2019,33
649153.0,2023-03-24,23649.0,131039.0,1083.0,Arjun-Terminalia arjuna,26.45428,91.05656,Assam,0.0,1.0,1.0,0.0,0.0,-2.0,-2.0,0.0,2.0,-2.0,2023,10
643405.0,2023-02-17,26966.0,130191.0,1083.0,Arjun-Terminalia arjuna,26.47064,90.29758,Assam,0.0,1.0,0.0,0.0,0.0,-2.0,-2.0,0.0,2.0,-2.0,2023,6
630167.0,2022-12-22,15210.0,128937.0,1083.0,Arjun-Terminalia arjuna,26.6405,91.09549,Assam,0.0,2.0,2.0,0.0,0.0,-2.0,-2.0,0.0,2.0,-2.0,2022,46
630087.0,2022-12-21,15210.0,128902.0,1083.0,Arjun-Terminalia arjuna,26.17272,91.76038,Assam,0.0,2.0,2.0,0.0,0.0,-2.0,-2.0,1.0,2.0,-2.0,2022,46
589943.0,2022-05-01,23649.0,116707.0,1083.0,Arjun-Terminalia arjuna,26.12133,91.81699,Assam,2.0,1.0,0.0,2.0,1.0,-2.0,-2.0,0.0,0.0,-2.0,2022,15
650214.0,2023-03-27,23649.0,131823.0,1035.0,Banyan-Ficus benghalensis,26.32846,90.92084,Assam,2.0,1.0,0.0,-2.0,-2.0,-2.0,-2.0,1.0,0.0,-2.0,2023,11
649360.0,2023-03-25,23649.0,131147.0,1035.0,Banyan-Ficus benghalensis,26.32858,90.92073,Assam,2.0,2.0,0.0,-2.0,-2.0,-2.0,-2.0,0.0,0.0,-2.0,2023,11
345216.0,2019-08-20,18810.0,68360.0,1035.0,Banyan-Ficus benghalensis,26.58599,93.40222,Assam,1.0,2.0,1.0,-2.0,-2.0,-2.0,-2.0,0.0,0.0,-2.0,2019,30
352864.0,2019-09-14,18810.0,72132.0,1035.0,Banyan-Ficus benghalensis,26.18206,91.73697,Assam,1.0,2.0,0.0,-2.0,-2.0,-2.0,-2.0,0.0,0.0,-2.0,2019,33
649130.0,2023-03-24,23649.0,131009.0,1189.0,Black myrobalan-Terminalia chebula,26.45359,91.05698,Assam,0.0,2.0,2.0,0.0,0.0,-2.0,-2.0,0.0,0.0,-2.0,2023,10
351741.0,2019-09-13,21310.0,69432.0,1189.0,Black myrobalan-Terminalia chebula,26.18687,91.74778,Assam,2.0,2.0,1.0,2.0,2.0,-2.0,-2.0,0.0,2.0,-2.0,2019,33
588655.0,2022-04-29,23649.0,115568.0,1189.0,Black myrobalan-Terminalia chebula,26.16836,91.77789,Assam,2.0,1.0,0.0,0.0,0.0,-2.0,-2.0,0.0,0.0,-2.0,2022,15
579169.0,2022-03-10,24070.0,105010.0,1179.0,Bottle brush-Melaleuca viminalis,26.18771,91.74674,Assam,2.0,2.0,1.0,0.0,1.0,-2.0,-2.0,0.0,0.0,0.0,2022,9
574920.0,2022-02-25,24070.0,105010.0,1179.0,Bottle brush-Melaleuca viminalis,26.18771,91.74674,Assam,1.0,1.0,1.0,0.0,1.0,-2.0,-2.0,0.0,0.0,0.0,2022,7
544953.0,2021-11-26,24076.0,105009.0,1179.0,Bottle brush-Melaleuca viminalis,26.18771,91.74674,Assam,1.0,2.0,0.0,0.0,1.0,-2.0,-2.0,0.0,0.0,0.0,2021,43
638411.0,2023-01-31,15210.0,129826.0,,Broken Bones Tree-Oroxylum Indicum,26.26415,92.58057,Assam,0.0,0.0,1.0,0.0,0.0,-2.0,-2.0,1.0,1.0,-2.0,2023,4
638393.0,2023-01-31,15210.0,129819.0,,Broken Bones Tree-Oroxylum Indicum,26.30576,92.6953,Assam,0.0,0.0,2.0,0.0,0.0,-2.0,-2.0,0.0,2.0,-2.0,2023,4
571390.0,2022-02-14,23649.0,111225.0,1188.0,Chiku Sapodilla-Manilkara zapotaÂ†,26.14197,93.9348,Assam,1.0,2.0,0.0,0.0,0.0,-2.0,-2.0,2.0,1.0,-2.0,2022,5
543281.0,2021-11-22,24068.0,107086.0,1184.0,Coconut palm-Cocos nucifera,26.18754,91.74228,Assam,1.0,2.0,1.0,0.0,0.0,-2.0,-2.0,1.0,2.0,-2.0,2021,42
352579.0,2019-09-14,18810.0,71847.0,1184.0,Coconut palm-Cocos nucifera,26.16799,91.7284,Assam,1.0,2.0,1.0,1.0,1.0,-2.0,-2.0,1.0,1.0,-2.0,2019,33
352583.0,2019-09-14,18810.0,71851.0,1184.0,Coconut palm-Cocos nucifera,26.16799,91.7284,Assam,1.0,1.0,1.0,1.0,2.0,-2.0,-2.0,1.0,0.0,-2.0,2019,33
352574.0,2019-09-14,18810.0,71842.0,1184.0,Coconut palm-Cocos nucifera,26.16799,91.7284,Assam,1.0,2.0,1.0,0.0,0.0,-2.0,-2.0,1.0,1.0,-2.0,2019,33
352552.0,2019-09-14,18810.0,71820.0,1184.0,Coconut palm-Cocos nucifera,26.16799,91.7284,Assam,1.0,2.0,1.0,1.0,0.0,-2.0,-2.0,1.0,1.0,-2.0,2019,33
352543.0,2019-09-14,18810.0,71811.0,1184.0,Coconut palm-Cocos nucifera,26.16799,91.7284,Assam,1.0,2.0,1.0,0.0,0.0,-2.0,-2.0,1.0,0.0,-2.0,2019,33
345223.0,2019-08-20,18810.0,68367.0,1184.0,Coconut palm-Cocos nucifera,26.58599,93.40222,Assam,1.0,1.0,0.0,1.0,1.0,-2.0,-2.0,2.0,1.0,-2.0,2019,30
631301.0,2023-01-03,15210.0,129238.0,1061.0,Copper-pod-Peltophorum pterocarpum,26.16265,91.78374,Assam,0.0,2.0,2.0,0.0,0.0,-2.0,-2.0,0.0,2.0,-2.0,2023,0
631302.0,2023-01-03,15210.0,129239.0,1061.0,Copper-pod-Peltophorum pterocarpum,26.16265,91.78374,Assam,0.0,2.0,2.0,0.0,0.0,-2.0,-2.0,0.0,2.0,-2.0,2023,0
239846.0,2018-12-02,18805.0,18271.0,1036.0,Country Fig-Ficus racemosa,26.76008,91.94859,Assam,2.0,0.0,0.0,-2.0,-2.0,-2.0,-2.0,1.0,0.0,-2.0,2018,44
240269.0,2018-12-02,18805.0,18690.0,1036.0,Country Fig-Ficus racemosa,26.75235,91.93637,Assam,0.0,1.0,0.0,-2.0,-2.0,-2.0,-2.0,1.0,1.0,-2.0,2018,44
251283.0,2018-12-09,18805.0,28652.0,1036.0,Country Fig-Ficus racemosa,26.76008,91.94859,Assam,2.0,2.0,0.0,-2.0,-2.0,-2.0,-2.0,1.0,0.0,-2.0,2018,45
251318.0,2018-12-09,18805.0,28654.0,1036.0,Country Fig-Ficus racemosa,26.75667,91.94551,Assam,2.0,2.0,0.0,-2.0,-2.0,-2.0,-2.0,0.0,1.0,-2.0,2018,45
345224.0,2019-08-20,18810.0,68368.0,1183.0,Curry leaf plant-Murraya koenigii,26.58599,93.40222,Assam,1.0,1.0,0.0,0.0,0.0,-2.0,-2.0,0.0,0.0,-2.0,2019,30
589679.0,2022-05-01,23649.0,116452.0,1182.0,Custard apple-Annona squamosa,26.16774,91.58452,Assam,2.0,1.0,0.0,1.0,0.0,-2.0,-2.0,1.0,1.0,-2.0,2022,15
588802.0,2022-04-29,23649.0,115682.0,1182.0,Custard apple-Annona squamosa,26.16836,91.77789,Assam,2.0,1.0,1.0,1.0,0.0,-2.0,-2.0,1.0,1.0,-2.0,2022,15
630142.0,2022-12-21,15210.0,128918.0,1008.0,Devil's Tree-Alstonia scholaris,26.3683,91.65065,Assam,0.0,2.0,1.0,0.0,0.0,-2.0,-2.0,2.0,0.0,0.0,2022,46
345219.0,2019-08-20,18810.0,68363.0,1008.0,Devil's Tree-Alstonia scholaris,26.58599,93.40222,Assam,2.0,2.0,0.0,0.0,0.0,-2.0,-2.0,0.0,0.0,0.0,2019,30
345220.0,2019-08-20,18810.0,68364.0,1008.0,Devil's Tree-Alstonia scholaris,26.58599,93.40222,Assam,2.0,2.0,0.0,0.0,0.0,-2.0,-2.0,0.0,0.0,0.0,2019,30
345215.0,2019-08-20,18810.0,68359.0,1008.0,Devil's Tree-Alstonia scholaris,26.58599,93.40222,Assam,2.0,2.0,0.0,0.0,0.0,-2.0,-2.0,0.0,0.0,0.0,2019,30
630209.0,2022-12-23,22597.0,128966.0,1008.0,Devil's Tree-Alstonia scholaris,26.76956,91.20853,Assam,0.0,2.0,2.0,0.0,0.0,-2.0,-2.0,2.0,0.0,0.0,2022,47
301815.0,2019-03-18,18810.0,41990.0,1008.0,Devil's Tree-Alstonia scholaris,26.83278,92.80284,Assam,2.0,1.0,0.0,0.0,0.0,-2.0,-2.0,1.0,0.0,0.0,2019,10
638334.0,2023-01-31,15210.0,129802.0,1174.0,Drumstick tree-Moringa oleifera,26.56985,92.86929,Assam,0.0,2.0,1.0,2.0,2.0,-2.0,-2.0,0.0,0.0,-2.0,2023,4
638358.0,2023-01-31,15210.0,129812.0,1174.0,Drumstick tree-Moringa oleifera,26.53802,92.92844,Assam,0.0,2.0,0.0,2.0,2.0,-2.0,-2.0,0.0,0.0,-2.0,2023,4
630180.0,2022-12-22,15210.0,128943.0,1033.0,Duabanga-Duabanga grandiflora,26.76053,91.21035,Assam,2.0,2.0,2.0,2.0,1.0,-2.0,-2.0,0.0,0.0,0.0,2022,46
630229.0,2022-12-23,22597.0,128976.0,1033.0,Duabanga-Duabanga grandiflora,26.75852,91.21206,Assam,2.0,2.0,2.0,2.0,1.0,-2.0,-2.0,0.0,0.0,0.0,2022,47
634780.0,2023-01-16,15210.0,129554.0,1031.0,Elephant Apple-Dillenia indica,26.14686,91.67789,Assam,0.0,2.0,0.0,0.0,0.0,-2.0,-2.0,0.0,0.0,-2.0,2023,2
638461.0,2023-01-31,15210.0,129837.0,1031.0,Elephant Apple-Dillenia indica,26.15473,92.3534,Assam,0.0,2.0,2.0,0.0,0.0,-2.0,-2.0,0.0,1.0,-2.0,2023,4
638445.0,2023-01-31,15210.0,129834.0,1031.0,Elephant Apple-Dillenia indica,26.19885,92.41618,Assam,0.0,2.0,2.0,0.0,0.0,-2.0,-2.0,0.0,0.0,-2.0,2023,4
634779.0,2023-01-16,15210.0,129553.0,1031.0,Elephant Apple-Dillenia indica,26.15399,91.67708,Assam,0.0,2.0,0.0,0.0,0.0,-2.0,-2.0,0.0,2.0,-2.0,2023,2
295174.0,2019-03-16,18810.0,35429.0,1031.0,Elephant Apple-Dillenia indica,26.83961,92.81174,Assam,0.0,1.0,1.0,0.0,0.0,-2.0,-2.0,0.0,0.0,-2.0,2019,9
295264.0,2019-03-16,18810.0,35511.0,1017.0,Flame of the Forest-Butea monosperma,26.83961,92.81174,Assam,1.0,1.0,1.0,0.0,0.0,-2.0,-2.0,0.0,1.0,-2.0,2019,9
638459.0,2023-01-31,15210.0,129835.0,1017.0,Flame of the Forest-Butea monosperma,26.17643,92.36604,Assam,0.0,2.0,2.0,2.0,2.0,-2.0,-2.0,0.0,0.0,-2.0,2023,4
648510.0,2023-03-18,26742.0,130788.0,1017.0,Flame of the Forest-Butea monosperma,27.48793,94.91227,Assam,0.0,2.0,1.0,1.0,2.0,-2.0,-2.0,1.0,0.0,-2.0,2023,10
542315.0,2021-11-20,24077.0,104985.0,1176.0,Frangipani-Plumeria rubra,26.18741,91.7467,Assam,1.0,2.0,2.0,0.0,0.0,-2.0,-2.0,0.0,0.0,0.0,2021,42
583361.0,2022-01-10,24077.0,104985.0,1176.0,Frangipani-Plumeria rubra,26.18741,91.7467,Assam,0.0,0.0,2.0,0.0,0.0,-2.0,-2.0,0.0,0.0,0.0,2022,1
590285.0,2022-04-30,23649.0,116966.0,1040.0,Gamar-Gmelina arborea,25.94272,92.22066,Assam,2.0,1.0,0.0,2.0,1.0,-2.0,-2.0,0.0,0.0,-2.0,2022,15
649048.0,2023-03-24,23649.0,130943.0,1040.0,Gamar-Gmelina arborea,26.33141,91.00873,Assam,1.0,1.0,0.0,2.0,2.0,-2.0,-2.0,1.0,0.0,-2.0,2023,10
653561.0,2023-04-03,23649.0,134659.0,1040.0,Gamar-Gmelina arborea,26.31014,90.91026,Assam,2.0,2.0,0.0,1.0,1.0,-2.0,-2.0,2.0,0.0,-2.0,2023,12
648509.0,2023-03-18,26742.0,130787.0,1040.0,Gamar-Gmelina arborea,27.48764,94.91069,Assam,2.0,1.0,0.0,2.0,1.0,-2.0,-2.0,1.0,0.0,-2.0,2023,10
649817.0,2023-03-26,23649.0,131495.0,1040.0,Gamar-Gmelina arborea,26.32992,90.9197,Assam,2.0,0.0,0.0,1.0,1.0,-2.0,-2.0,2.0,0.0,-2.0,2023,11
650985.0,2023-03-29,23649.0,132323.0,1040.0,Gamar-Gmelina arborea,26.32745,90.91195,Assam,2.0,1.0,0.0,2.0,1.0,-2.0,-2.0,0.0,0.0,-2.0,2023,11
642643.0,2023-02-14,26742.0,130124.0,1040.0,Gamar-Gmelina arborea,26.32858,90.92073,Assam,0.0,1.0,0.0,2.0,1.0,-2.0,-2.0,0.0,0.0,-2.0,2023,5
644625.0,2023-02-24,26742.0,130324.0,1040.0,Gamar-Gmelina arborea,26.32992,90.9197,Assam,0.0,1.0,1.0,2.0,2.0,-2.0,-2.0,0.0,0.0,-2.0,2023,7
589165.0,2022-04-30,23649.0,115991.0,1040.0,Gamar-Gmelina arborea,26.17396,91.78808,Assam,2.0,1.0,0.0,1.0,1.0,-2.0,-2.0,2.0,0.0,-2.0,2022,15
579766.0,2022-03-14,20285.0,112329.0,1040.0,Gamar-Gmelina arborea,27.54517,95.32346,Assam,0.0,1.0,1.0,1.0,2.0,-2.0,-2.0,0.0,0.0,-2.0,2022,9
583144.0,2022-04-06,24078.0,105011.0,1171.0,Guava tree-Psidium guajava,26.18732,91.74709,Assam,2.0,2.0,0.0,1.0,0.0,-2.0,-2.0,0.0,0.0,-2.0,2022,12
580938.0,2022-03-23,24078.0,105011.0,1171.0,Guava tree-Psidium guajava,26.18732,91.74709,Assam,1.0,1.0,2.0,1.0,0.0,-2.0,-2.0,0.0,0.0,-2.0,2022,10
582074.0,2022-03-29,24078.0,105011.0,1171.0,Guava tree-Psidium guajava,26.18732,91.74709,Assam,1.0,1.0,1.0,1.0,0.0,-2.0,-2.0,0.0,0.0,-2.0,2022,11
545052.0,2021-11-26,24186.0,106100.0,1171.0,Guava tree-Psidium guajava,26.18771,91.74674,Assam,1.0,2.0,1.0,0.0,0.0,-2.0,-2.0,0.0,0.0,-2.0,2021,43
592992.0,2022-05-19,24078.0,105011.0,1171.0,Guava tree-Psidium guajava,26.18732,91.74709,Assam,1.0,2.0,0.0,0.0,0.0,-2.0,-2.0,1.0,0.0,-2.0,2022,18
603113.0,2022-07-31,24890.0,118224.0,1171.0,Guava tree-Psidium guajava,26.15391,91.66302,Assam,0.0,0.0,0.0,0.0,0.0,-2.0,-2.0,0.0,0.0,-2.0,2022,27
604113.0,2022-08-07,24890.0,118224.0,1171.0,Guava tree-Psidium guajava,26.15391,91.66302,Assam,1.0,1.0,0.0,0.0,0.0,-2.0,-2.0,0.0,0.0,-2.0,2022,28
543270.0,2021-11-22,24078.0,105011.0,1171.0,Guava tree-Psidium guajava,26.18732,91.74709,Assam,1.0,1.0,1.0,0.0,2.0,-2.0,-2.0,2.0,1.0,-2.0,2021,42
574849.0,2022-02-25,24078.0,105011.0,1171.0,Guava tree-Psidium guajava,26.18732,91.74709,Assam,1.0,2.0,2.0,1.0,0.0,-2.0,-2.0,0.0,0.0,-2.0,2022,7
576959.0,2022-03-02,24186.0,106100.0,1171.0,Guava tree-Psidium guajava,26.18771,91.74674,Assam,1.0,2.0,2.0,0.0,0.0,-2.0,-2.0,0.0,0.0,-2.0,2022,8
574061.0,2022-02-21,24078.0,105011.0,1171.0,Guava tree-Psidium guajava,26.18732,91.74709,Assam,1.0,2.0,2.0,1.0,0.0,-2.0,-2.0,0.0,0.0,-2.0,2022,6
571404.0,2022-01-03,24352.0,108992.0,1171.0,Guava tree-Psidium guajava,26.18771,91.74674,Assam,0.0,2.0,2.0,0.0,0.0,-2.0,-2.0,0.0,0.0,-2.0,2022,0
571406.0,2022-01-17,24352.0,108992.0,1171.0,Guava tree-Psidium guajava,26.18771,91.74674,Assam,0.0,2.0,2.0,0.0,0.0,-2.0,-2.0,0.0,0.0,-2.0,2022,2
571407.0,2022-01-24,24352.0,108992.0,1171.0,Guava tree-Psidium guajava,26.18771,91.74674,Assam,0.0,2.0,2.0,0.0,0.0,-2.0,-2.0,0.0,0.0,-2.0,2022,3
571408.0,2022-01-31,24352.0,108992.0,1171.0,Guava tree-Psidium guajava,26.18771,91.74674,Assam,0.0,2.0,2.0,0.0,0.0,-2.0,-2.0,0.0,0.0,-2.0,2022,4
571405.0,2022-01-10,24352.0,108992.0,1171.0,Guava tree-Psidium guajava,26.18771,91.74674,Assam,0.0,2.0,2.0,0.0,0.0,-2.0,-2.0,0.0,0.0,-2.0,2022,1
571409.0,2022-02-07,24352.0,108992.0,1171.0,Guava tree-Psidium guajava,26.18771,91.74674,Assam,0.0,2.0,2.0,0.0,0.0,-2.0,-2.0,0.0,0.0,-2.0,2022,5
571410.0,2022-02-14,24352.0,108992.0,1171.0,Guava tree-Psidium guajava,26.18771,91.74674,Assam,0.0,2.0,2.0,0.0,0.0,-2.0,-2.0,0.0,0.0,-2.0,2022,5
580196.0,2022-03-17,24078.0,105011.0,1171.0,Guava tree-Psidium guajava,26.18732,91.74709,Assam,1.0,2.0,1.0,1.0,0.0,-2.0,-2.0,0.0,0.0,-2.0,2022,10
589989.0,2022-05-01,23649.0,116754.0,1030.0,Gulmohur-Delonix regia,26.17197,91.77786,Assam,2.0,1.0,0.0,2.0,1.0,-2.0,-2.0,0.0,0.0,0.0,2022,15
629877.0,2022-12-20,15210.0,128884.0,1030.0,Gulmohur-Delonix regia,26.09287,91.587,Assam,0.0,2.0,1.0,0.0,0.0,-2.0,-2.0,2.0,0.0,0.0,2022,46
588676.0,2022-04-29,23649.0,115584.0,1030.0,Gulmohur-Delonix regia,26.17167,91.78473,Assam,2.0,-1.0,0.0,1.0,1.0,-2.0,-2.0,0.0,2.0,0.0,2022,15
588660.0,2022-04-29,23649.0,115573.0,1030.0,Gulmohur-Delonix regia,26.16857,91.77885,Assam,2.0,2.0,0.0,1.0,1.0,-2.0,-2.0,0.0,1.0,0.0,2022,15
630098.0,2022-12-21,15210.0,128911.0,1030.0,Gulmohur-Delonix regia,26.12345,91.75025,Assam,0.0,2.0,2.0,0.0,0.0,-2.0,-2.0,2.0,2.0,2.0,2022,46
589213.0,2022-04-30,23649.0,116039.0,1030.0,Gulmohur-Delonix regia,26.17298,91.78318,Assam,2.0,1.0,0.0,2.0,2.0,-2.0,-2.0,0.0,1.0,-1.0,2022,15
589600.0,2022-05-01,23649.0,116374.0,1030.0,Gulmohur-Delonix regia,26.16029,91.70707,Assam,1.0,0.0,0.0,1.0,1.0,-2.0,-2.0,0.0,1.0,-1.0,2022,15
353138.0,2019-09-14,18810.0,72406.0,1030.0,Gulmohur-Delonix regia,26.17644,91.73206,Assam,1.0,2.0,0.0,1.0,2.0,-2.0,-2.0,1.0,0.0,0.0,2019,33
634782.0,2023-01-16,15210.0,129556.0,1030.0,Gulmohur-Delonix regia,26.1161,91.70839,Assam,0.0,2.0,2.0,0.0,0.0,-2.0,-2.0,1.0,2.0,0.0,2023,2
634778.0,2023-01-16,15210.0,129552.0,1030.0,Gulmohur-Delonix regia,26.13847,91.61038,Assam,0.0,2.0,2.0,0.0,0.0,-2.0,-2.0,2.0,2.0,1.0,2023,2
353125.0,2019-09-14,18810.0,72393.0,1030.0,Gulmohur-Delonix regia,26.181,91.7363,Assam,0.0,2.0,0.0,1.0,2.0,-2.0,-2.0,1.0,1.0,0.0,2019,33
354340.0,2019-09-14,21290.0,73539.0,1030.0,Gulmohur-Delonix regia,26.18979,91.75578,Assam,2.0,2.0,0.0,1.0,1.0,-2.0,-2.0,0.0,0.0,0.0,2019,33
351659.0,2019-09-13,21283.0,70913.0,1030.0,Gulmohur-Delonix regia,26.18711,91.74473,Assam,2.0,2.0,0.0,1.0,1.0,-2.0,-2.0,0.0,0.0,0.0,2019,33
631299.0,2023-01-03,15210.0,129236.0,1030.0,Gulmohur-Delonix regia,26.16265,91.78374,Assam,0.0,2.0,2.0,0.0,0.0,-2.0,-2.0,2.0,1.0,0.0,2023,0
631298.0,2023-01-03,15210.0,129235.0,1030.0,Gulmohur-Delonix regia,26.16265,91.78374,Assam,0.0,0.0,2.0,0.0,0.0,-2.0,-2.0,2.0,2.0,0.0,2023,0
650231.0,2023-03-27,23649.0,131840.0,1030.0,Gulmohur-Delonix regia,26.32846,90.92084,Assam,0.0,2.0,2.0,0.0,0.0,-2.0,-2.0,0.0,0.0,-1.0,2023,11
650219.0,2023-03-27,23649.0,131828.0,1030.0,Gulmohur-Delonix regia,26.32744,90.92016,Assam,0.0,2.0,2.0,0.0,0.0,-2.0,-2.0,0.0,-1.0,-1.0,2023,11
649128.0,2023-03-24,23649.0,131007.0,1030.0,Gulmohur-Delonix regia,26.45359,91.05698,Assam,0.0,2.0,2.0,0.0,0.0,-2.0,-2.0,0.0,2.0,-1.0,2023,10
356721.0,2019-09-16,18810.0,75646.0,1030.0,Gulmohur-Delonix regia,26.15368,91.65923,Assam,1.0,2.0,0.0,1.0,2.0,-2.0,-2.0,0.0,1.0,1.0,2019,34
358193.0,2019-09-20,21283.0,70913.0,1030.0,Gulmohur-Delonix regia,26.18711,91.74473,Assam,1.0,2.0,1.0,0.0,1.0,-2.0,-2.0,0.0,0.0,0.0,2019,34
360956.0,2019-09-27,21283.0,70913.0,1030.0,Gulmohur-Delonix regia,26.18711,91.74473,Assam,1.0,2.0,0.0,1.0,0.0,-2.0,-2.0,0.0,0.0,0.0,2019,35
653558.0,2023-04-03,23649.0,134656.0,1030.0,Gulmohur-Delonix regia,26.30907,90.90971,Assam,1.0,0.0,1.0,0.0,0.0,-2.0,-2.0,0.0,-1.0,-1.0,2023,12
653559.0,2023-04-03,23649.0,134657.0,1030.0,Gulmohur-Delonix regia,26.30937,90.90978,Assam,0.0,2.0,2.0,0.0,0.0,-2.0,-2.0,0.0,2.0,0.0,2023,12
653563.0,2023-04-03,23649.0,134661.0,1030.0,Gulmohur-Delonix regia,26.31014,90.91026,Assam,0.0,2.0,1.0,0.0,0.0,-2.0,-2.0,0.0,1.0,-1.0,2023,12
579940.0,2022-03-15,20285.0,112372.0,1209.0,Hollong-Dipterocarpus retusus,26.7249,94.39428,Assam,0.0,1.0,1.0,0.0,0.0,-2.0,-2.0,0.0,0.0,-2.0,2022,9
579355.0,2022-03-12,20285.0,112284.0,1209.0,Hollong-Dipterocarpus retusus,27.25462,95.40918,Assam,1.0,2.0,1.0,0.0,0.0,-2.0,-2.0,0.0,0.0,-2.0,2022,9
579353.0,2022-03-12,20285.0,112282.0,1034.0,Indian Coral-Erythrina indica,27.25469,95.40869,Assam,0.0,0.0,0.0,2.0,2.0,-2.0,-2.0,0.0,0.0,0.0,2022,9
295272.0,2019-03-16,18810.0,35518.0,1034.0,Indian Coral-Erythrina indica,26.83961,92.81174,Assam,1.0,0.0,0.0,0.0,1.0,-2.0,-2.0,0.0,0.0,1.0,2019,9
638463.0,2023-01-31,15210.0,129839.0,1020.0,Indian Laburnum-Cassia fistula,26.09868,92.30515,Assam,0.0,2.0,2.0,0.0,0.0,-2.0,-2.0,2.0,2.0,-2.0,2023,4
638464.0,2023-01-31,15210.0,129840.0,1020.0,Indian Laburnum-Cassia fistula,26.11944,92.27812,Assam,0.0,2.0,1.0,0.0,0.0,-2.0,-2.0,2.0,1.0,-2.0,2023,4
630093.0,2022-12-21,15210.0,128908.0,1020.0,Indian Laburnum-Cassia fistula,26.15811,91.76565,Assam,0.0,2.0,0.0,0.0,0.0,-2.0,-2.0,2.0,2.0,-2.0,2022,46
634777.0,2023-01-16,15210.0,129551.0,1020.0,Indian Laburnum-Cassia fistula,26.10368,91.59179,Assam,0.0,2.0,2.0,0.0,0.0,-2.0,-2.0,0.0,1.0,-2.0,2023,2
631300.0,2023-01-03,15210.0,129237.0,1020.0,Indian Laburnum-Cassia fistula,26.16265,91.78374,Assam,1.0,2.0,0.0,0.0,0.0,-2.0,-2.0,2.0,2.0,-2.0,2023,0
631319.0,2023-01-03,15210.0,129245.0,1020.0,Indian Laburnum-Cassia fistula,26.16229,91.78628,Assam,0.0,2.0,2.0,0.0,0.0,-2.0,-2.0,2.0,0.0,-2.0,2023,0
579943.0,2022-03-15,20285.0,112373.0,1020.0,Indian Laburnum-Cassia fistula,26.68121,94.35914,Assam,0.0,2.0,1.0,0.0,0.0,-2.0,-2.0,0.0,1.0,-2.0,2022,9
583490.0,2022-04-10,23649.0,112710.0,1020.0,Indian Laburnum-Cassia fistula,26.1201,91.81735,Assam,1.0,0.0,0.0,1.0,1.0,-2.0,-2.0,0.0,1.0,-2.0,2022,13
583489.0,2022-04-10,23649.0,112709.0,1020.0,Indian Laburnum-Cassia fistula,26.1201,91.81735,Assam,1.0,0.0,0.0,1.0,1.0,-2.0,-2.0,0.0,1.0,-2.0,2022,13
589935.0,2022-05-01,23649.0,116699.0,1020.0,Indian Laburnum-Cassia fistula,26.16772,91.58462,Assam,1.0,0.0,0.0,1.0,0.0,-2.0,-2.0,0.0,0.0,-2.0,2022,15
589964.0,2022-05-01,23649.0,116728.0,1020.0,Indian Laburnum-Cassia fistula,26.13822,91.79975,Assam,1.0,0.0,0.0,1.0,1.0,-2.0,-2.0,0.0,0.0,-2.0,2022,15
589688.0,2022-05-01,23649.0,116461.0,1020.0,Indian Laburnum-Cassia fistula,26.16774,91.58452,Assam,1.0,0.0,0.0,1.0,1.0,-2.0,-2.0,0.0,0.0,-2.0,2022,15
589684.0,2022-05-01,23649.0,116457.0,1020.0,Indian Laburnum-Cassia fistula,26.16774,91.58452,Assam,1.0,1.0,1.0,2.0,1.0,-2.0,-2.0,0.0,1.0,-2.0,2022,15
589677.0,2022-05-01,23649.0,116450.0,1020.0,Indian Laburnum-Cassia fistula,26.16774,91.58452,Assam,1.0,0.0,0.0,1.0,1.0,-2.0,-2.0,0.0,1.0,-2.0,2022,15
649126.0,2023-03-24,23649.0,131005.0,1029.0,Indian Rosewood-Dalbergia sissoo,26.45359,91.05698,Assam,2.0,2.0,0.0,0.0,0.0,-2.0,-2.0,0.0,0.0,-2.0,2023,10
240513.0,2018-12-02,18805.0,18934.0,1029.0,Indian Rosewood-Dalbergia sissoo,26.76713,91.95758,Assam,1.0,2.0,1.0,1.0,0.0,-2.0,-2.0,1.0,2.0,-2.0,2018,44
301681.0,2019-03-18,18810.0,41860.0,1029.0,Indian Rosewood-Dalbergia sissoo,26.86289,92.78725,Assam,2.0,1.0,0.0,0.0,0.0,-2.0,-2.0,0.0,0.0,-2.0,2019,10
544148.0,2021-11-24,24067.0,104983.0,1161.0,Jackfruit-Artocarpus heterophyllus,26.18732,91.74709,Assam,1.0,2.0,1.0,0.0,-2.0,0.0,0.0,0.0,0.0,-2.0,2021,43
544149.0,2021-11-24,24072.0,104981.0,1161.0,Jackfruit-Artocarpus heterophyllus,26.18702,91.74684,Assam,1.0,2.0,1.0,0.0,-2.0,0.0,0.0,0.0,0.0,-2.0,2021,43
543276.0,2021-11-22,24217.0,107083.0,1161.0,Jackfruit-Artocarpus heterophyllus,26.18697,91.74759,Assam,1.0,2.0,1.0,1.0,-2.0,0.0,0.0,0.0,0.0,-2.0,2021,42
592989.0,2022-05-04,24067.0,104983.0,1161.0,Jackfruit-Artocarpus heterophyllus,26.18732,91.74709,Assam,1.0,2.0,1.0,2.0,-2.0,0.0,0.0,1.0,2.0,-2.0,2022,16
592988.0,2022-04-26,24067.0,104983.0,1161.0,Jackfruit-Artocarpus heterophyllus,26.18732,91.74709,Assam,2.0,2.0,1.0,1.0,-2.0,0.0,0.0,1.0,2.0,-2.0,2022,15
592987.0,2022-04-25,24067.0,104983.0,1161.0,Jackfruit-Artocarpus heterophyllus,26.18732,91.74709,Assam,1.0,2.0,1.0,1.0,-2.0,0.0,0.0,1.0,2.0,-2.0,2022,15
592986.0,2022-04-20,24067.0,104983.0,1161.0,Jackfruit-Artocarpus heterophyllus,26.18732,91.74709,Assam,1.0,2.0,1.0,2.0,-2.0,0.0,0.0,2.0,0.0,-2.0,2022,14
592985.0,2022-04-12,24067.0,104983.0,1161.0,Jackfruit-Artocarpus heterophyllus,26.18732,91.74709,Assam,1.0,2.0,2.0,2.0,-2.0,0.0,0.0,2.0,2.0,-2.0,2022,13
592984.0,2022-04-04,24067.0,104983.0,1161.0,Jackfruit-Artocarpus heterophyllus,26.18732,91.74709,Assam,1.0,2.0,2.0,2.0,-2.0,0.0,0.0,2.0,1.0,-2.0,2022,12
592983.0,2022-03-27,24067.0,104983.0,1161.0,Jackfruit-Artocarpus heterophyllus,26.18732,91.74709,Assam,1.0,2.0,2.0,2.0,-2.0,0.0,0.0,2.0,0.0,-2.0,2022,11
592928.0,2022-05-18,24072.0,104981.0,1161.0,Jackfruit-Artocarpus heterophyllus,26.18702,91.74684,Assam,2.0,1.0,0.0,1.0,-2.0,0.0,0.0,2.0,0.0,-2.0,2022,18
592990.0,2022-05-11,24067.0,104983.0,1161.0,Jackfruit-Artocarpus heterophyllus,26.18732,91.74709,Assam,1.0,2.0,1.0,2.0,-2.0,0.0,0.0,2.0,2.0,-2.0,2022,17
592991.0,2022-05-18,24067.0,104983.0,1161.0,Jackfruit-Artocarpus heterophyllus,26.18732,91.74709,Assam,1.0,2.0,1.0,2.0,-2.0,0.0,0.0,0.0,0.0,-2.0,2022,18
591362.0,2022-05-09,24072.0,104981.0,1161.0,Jackfruit-Artocarpus heterophyllus,26.18702,91.74684,Assam,2.0,2.0,0.0,1.0,-2.0,0.0,0.0,2.0,0.0,-2.0,2022,17
554759.0,2022-01-03,24217.0,107083.0,1161.0,Jackfruit-Artocarpus heterophyllus,26.18697,91.74759,Assam,1.0,2.0,1.0,0.0,-2.0,0.0,0.0,0.0,0.0,-2.0,2022,0
595390.0,2022-06-09,24072.0,104981.0,1161.0,Jackfruit-Artocarpus heterophyllus,26.18702,91.74684,Assam,2.0,2.0,1.0,1.0,-2.0,0.0,0.0,1.0,0.0,-2.0,2022,21
594585.0,2022-06-01,24072.0,104981.0,1161.0,Jackfruit-Artocarpus heterophyllus,26.18702,91.74684,Assam,2.0,1.0,0.0,1.0,-2.0,0.0,0.0,2.0,0.0,-2.0,2022,20
613482.0,2022-09-22,24072.0,104981.0,1161.0,Jackfruit-Artocarpus heterophyllus,26.18702,91.74684,Assam,2.0,2.0,1.0,0.0,-2.0,0.0,0.0,0.0,0.0,-2.0,2022,34
603311.0,2022-08-01,24072.0,104981.0,1161.0,Jackfruit-Artocarpus heterophyllus,26.18702,91.74684,Assam,2.0,1.0,1.0,1.0,-2.0,0.0,0.0,0.0,0.0,-2.0,2022,28
574058.0,2022-02-21,24067.0,104983.0,1161.0,Jackfruit-Artocarpus heterophyllus,26.18732,91.74709,Assam,1.0,2.0,1.0,1.0,-2.0,0.0,0.0,1.0,0.0,-2.0,2022,6
574057.0,2022-02-21,24072.0,104981.0,1161.0,Jackfruit-Artocarpus heterophyllus,26.18702,91.74684,Assam,2.0,2.0,1.0,1.0,-2.0,0.0,0.0,1.0,0.0,-2.0,2022,6
574054.0,2022-02-21,24217.0,107083.0,1161.0,Jackfruit-Artocarpus heterophyllus,26.18697,91.74759,Assam,1.0,2.0,1.0,1.0,-2.0,1.0,1.0,1.0,0.0,-2.0,2022,6
578138.0,2022-03-06,24067.0,104983.0,1161.0,Jackfruit-Artocarpus heterophyllus,26.18732,91.74709,Assam,1.0,2.0,1.0,2.0,-2.0,0.0,0.0,2.0,0.0,-2.0,2022,8
576957.0,2022-02-28,24067.0,104983.0,1161.0,Jackfruit-Artocarpus heterophyllus,26.18732,91.74709,Assam,1.0,2.0,2.0,2.0,-2.0,0.0,0.0,2.0,0.0,-2.0,2022,7
576956.0,2022-03-02,24072.0,104981.0,1161.0,Jackfruit-Artocarpus heterophyllus,26.18702,91.74684,Assam,2.0,2.0,1.0,2.0,-2.0,0.0,0.0,2.0,0.0,-2.0,2022,8
567268.0,2022-02-07,24067.0,104983.0,1161.0,Jackfruit-Artocarpus heterophyllus,26.18732,91.74709,Assam,2.0,2.0,1.0,1.0,-2.0,0.0,0.0,1.0,0.0,-2.0,2022,5
567280.0,2022-02-07,24217.0,107083.0,1161.0,Jackfruit-Artocarpus heterophyllus,26.18697,91.74759,Assam,1.0,2.0,1.0,1.0,-2.0,1.0,1.0,1.0,0.0,-2.0,2022,5
572041.0,2022-02-15,24072.0,104981.0,1161.0,Jackfruit-Artocarpus heterophyllus,26.18702,91.74684,Assam,2.0,1.0,1.0,1.0,-2.0,0.0,0.0,1.0,0.0,-2.0,2022,6
571398.0,2022-02-14,24217.0,107083.0,1161.0,Jackfruit-Artocarpus heterophyllus,26.18697,91.74759,Assam,1.0,2.0,1.0,1.0,-2.0,1.0,1.0,1.0,0.0,-2.0,2022,5
572617.0,2022-02-16,24067.0,104983.0,1161.0,Jackfruit-Artocarpus heterophyllus,26.18732,91.74709,Assam,1.0,2.0,1.0,1.0,-2.0,0.0,0.0,1.0,0.0,-2.0,2022,6
590420.0,2022-05-02,24072.0,104981.0,1161.0,Jackfruit-Artocarpus heterophyllus,26.18702,91.74684,Assam,2.0,1.0,0.0,1.0,-2.0,0.0,0.0,2.0,0.0,-2.0,2022,16
560642.0,2022-01-19,24067.0,104983.0,1161.0,Jackfruit-Artocarpus heterophyllus,26.18732,91.74709,Assam,2.0,1.0,1.0,1.0,-2.0,0.0,0.0,0.0,0.0,-2.0,2022,2
587167.0,2022-04-25,24072.0,104981.0,1161.0,Jackfruit-Artocarpus heterophyllus,26.18702,91.74684,Assam,2.0,2.0,1.0,1.0,-2.0,0.0,0.0,1.0,0.0,-2.0,2022,15
580789.0,2022-03-22,24072.0,104981.0,1161.0,Jackfruit-Artocarpus heterophyllus,26.18702,91.74684,Assam,2.0,1.0,0.0,1.0,-2.0,0.0,0.0,1.0,0.0,-2.0,2022,10
580787.0,2022-03-20,24067.0,104983.0,1161.0,Jackfruit-Artocarpus heterophyllus,26.18732,91.74709,Assam,1.0,2.0,2.0,2.0,-2.0,0.0,0.0,2.0,0.0,-2.0,2022,10
566183.0,2022-02-04,24072.0,104981.0,1161.0,Jackfruit-Artocarpus heterophyllus,26.18702,91.74684,Assam,2.0,1.0,1.0,1.0,-2.0,0.0,0.0,1.0,0.0,-2.0,2022,4
580192.0,2022-03-13,24067.0,104983.0,1161.0,Jackfruit-Artocarpus heterophyllus,26.18732,91.74709,Assam,1.0,2.0,2.0,2.0,-2.0,0.0,0.0,2.0,0.0,-2.0,2022,9
583191.0,2022-04-07,24072.0,104981.0,1161.0,Jackfruit-Artocarpus heterophyllus,26.18702,91.74684,Assam,2.0,1.0,0.0,1.0,-2.0,0.0,0.0,1.0,0.0,-2.0,2022,12
653565.0,2023-04-03,23649.0,134663.0,1161.0,Jackfruit-Artocarpus heterophyllus,26.31066,90.91068,Assam,2.0,2.0,1.0,1.0,-2.0,1.0,1.0,2.0,0.0,-2.0,2023,12
503555.0,2021-05-23,22360.0,96029.0,1161.0,Jackfruit-Artocarpus heterophyllus,24.83761,92.92977,Assam,2.0,-1.0,1.0,0.0,-2.0,2.0,1.0,0.0,0.0,-2.0,2021,18
647258.0,2023-03-12,27035.0,130594.0,1161.0,Jackfruit-Artocarpus heterophyllus,26.88657,94.50693,Assam,1.0,2.0,1.0,1.0,-2.0,-1.0,-1.0,2.0,0.0,-2.0,2023,9
351168.0,2019-09-13,21291.0,69439.0,1161.0,Jackfruit-Artocarpus heterophyllus,26.18687,91.74778,Assam,1.0,2.0,1.0,0.0,-2.0,-1.0,-1.0,0.0,0.0,-2.0,2019,33
351596.0,2019-09-13,21285.0,69438.0,1161.0,Jackfruit-Artocarpus heterophyllus,26.18653,91.74773,Assam,2.0,2.0,0.0,0.0,-2.0,0.0,0.0,0.0,0.0,-2.0,2019,33
449270.0,2020-10-25,22360.0,96029.0,1161.0,Jackfruit-Artocarpus heterophyllus,24.83761,92.92977,Assam,2.0,1.0,0.0,0.0,-2.0,1.0,1.0,0.0,0.0,-2.0,2020,39
663421.0,2023-05-19,26292.0,128517.0,1079.0,Jamun-Syzygium cumini,26.2165,91.89183,Assam,2.0,1.0,1.0,1.0,1.0,-2.0,-2.0,2.0,0.0,-2.0,2023,18
356315.0,2019-09-16,18810.0,75401.0,1079.0,Jamun-Syzygium cumini,26.18816,91.74273,Assam,1.0,2.0,0.0,0.0,0.0,-2.0,-2.0,0.0,0.0,-2.0,2019,34
650222.0,2023-03-27,23649.0,131831.0,1079.0,Jamun-Syzygium cumini,26.32744,90.92016,Assam,2.0,1.0,0.0,2.0,0.0,-2.0,-2.0,0.0,0.0,-2.0,2023,11
650225.0,2023-03-27,23649.0,131834.0,1079.0,Jamun-Syzygium cumini,26.32642,90.92006,Assam,2.0,0.0,0.0,2.0,1.0,-2.0,-2.0,0.0,0.0,-2.0,2023,11
650988.0,2023-03-29,23649.0,132326.0,1079.0,Jamun-Syzygium cumini,26.3289,90.9108,Assam,2.0,2.0,0.0,2.0,2.0,-2.0,-2.0,0.0,0.0,-2.0,2023,11
649122.0,2023-03-24,23649.0,131001.0,1079.0,Jamun-Syzygium cumini,26.45359,91.05698,Assam,2.0,1.0,0.0,0.0,0.0,-2.0,-2.0,0.0,0.0,-2.0,2023,10
649129.0,2023-03-24,23649.0,131008.0,1079.0,Jamun-Syzygium cumini,26.45359,91.05698,Assam,2.0,1.0,0.0,2.0,0.0,-2.0,-2.0,0.0,0.0,-2.0,2023,10
590426.0,2022-04-29,23649.0,117017.0,1079.0,Jamun-Syzygium cumini,25.94272,92.22066,Assam,2.0,1.0,0.0,2.0,1.0,-2.0,-2.0,0.0,0.0,-2.0,2022,15
589696.0,2022-05-01,23649.0,116469.0,1079.0,Jamun-Syzygium cumini,26.16711,91.58486,Assam,1.0,2.0,0.0,2.0,1.0,-2.0,-2.0,0.0,0.0,-2.0,2022,15
579166.0,2022-03-10,24070.0,104989.0,1079.0,Jamun-Syzygium cumini,26.18771,91.74674,Assam,1.0,2.0,1.0,0.0,0.0,-2.0,-2.0,0.0,0.0,-2.0,2022,9
629079.0,2022-12-15,26292.0,128517.0,1079.0,Jamun-Syzygium cumini,26.2165,91.89183,Assam,1.0,1.0,1.0,0.0,0.0,-2.0,-2.0,0.0,0.0,-2.0,2022,46
574921.0,2022-02-25,24070.0,104989.0,1079.0,Jamun-Syzygium cumini,26.18771,91.74674,Assam,1.0,1.0,1.0,0.0,0.0,-2.0,-2.0,0.0,0.0,-2.0,2022,7
295108.0,2019-03-16,18810.0,35365.0,1079.0,Jamun-Syzygium cumini,26.83961,92.81174,Assam,1.0,2.0,1.0,0.0,0.0,-2.0,-2.0,0.0,0.0,-2.0,2019,9
295127.0,2019-03-16,18810.0,35383.0,1079.0,Jamun-Syzygium cumini,26.83961,92.81174,Assam,2.0,1.0,1.0,2.0,0.0,-2.0,-2.0,0.0,0.0,-2.0,2019,9
580704.0,2022-03-21,24070.0,104989.0,1079.0,Jamun-Syzygium cumini,26.18771,91.74674,Assam,1.0,2.0,2.0,0.0,0.0,-2.0,-2.0,0.0,0.0,-2.0,2022,10
545050.0,2021-11-26,24070.0,104989.0,1079.0,Jamun-Syzygium cumini,26.18771,91.74674,Assam,1.0,2.0,1.0,0.0,0.0,-2.0,-2.0,0.0,0.0,-2.0,2021,43
544151.0,2021-11-24,24073.0,104980.0,1079.0,Jamun-Syzygium cumini,26.18771,91.74674,Assam,0.0,1.0,1.0,0.0,0.0,-2.0,-2.0,0.0,0.0,-2.0,2021,43
568212.0,2022-02-08,24073.0,104980.0,1079.0,Jamun-Syzygium cumini,26.18771,91.74674,Assam,1.0,2.0,1.0,0.0,0.0,-2.0,-2.0,0.0,0.0,-2.0,2022,5
650986.0,2023-03-29,23649.0,132324.0,1058.0,Kadamb-Neolamarckia cadamba,26.32745,90.91195,Assam,2.0,2.0,0.0,0.0,0.0,-2.0,-2.0,0.0,0.0,-2.0,2023,11
649154.0,2023-03-24,23649.0,131040.0,1058.0,Kadamb-Neolamarckia cadamba,26.45428,91.05656,Assam,2.0,2.0,0.0,0.0,0.0,-2.0,-2.0,0.0,0.0,-2.0,2023,10
356313.0,2019-09-16,18810.0,75399.0,1058.0,Kadamb-Neolamarckia cadamba,26.18885,91.74464,Assam,1.0,2.0,0.0,0.0,1.0,-2.0,-2.0,1.0,2.0,-2.0,2019,34
638413.0,2023-01-31,15210.0,129827.0,1058.0,Kadamb-Neolamarckia cadamba,26.26052,92.56839,Assam,0.0,2.0,2.0,0.0,0.0,-2.0,-2.0,0.0,0.0,-2.0,2023,4
297939.0,2019-03-17,18810.0,38125.0,1058.0,Kadamb-Neolamarckia cadamba,26.83961,92.81174,Assam,2.0,1.0,0.0,0.0,0.0,-2.0,-2.0,0.0,0.0,-2.0,2019,10
543287.0,2021-11-22,24074.0,104977.0,1058.0,Kadamb-Neolamarckia cadamba,26.18771,91.74674,Assam,0.0,2.0,1.0,0.0,0.0,-2.0,-2.0,0.0,2.0,-2.0,2021,42
239863.0,2018-12-02,18805.0,18288.0,1046.0,Lantana-Lantana camara,26.76008,91.94859,Assam,1.0,2.0,0.0,0.0,2.0,-2.0,-2.0,2.0,2.0,-2.0,2018,44
256441.0,2018-12-24,16980.0,9941.0,1090.0,Mango (all varieties)-Mangifera indica,26.14953,91.81017,Assam,1.0,2.0,-1.0,0.0,0.0,-2.0,-2.0,0.0,0.0,-2.0,2018,47
255032.0,2018-12-17,16980.0,9941.0,1090.0,Mango (all varieties)-Mangifera indica,26.14953,91.81017,Assam,1.0,2.0,-1.0,0.0,0.0,-2.0,-2.0,0.0,0.0,-2.0,2018,46
255031.0,2018-12-10,16980.0,9941.0,1090.0,Mango (all varieties)-Mangifera indica,26.14953,91.81017,Assam,1.0,2.0,-1.0,0.0,0.0,-2.0,-2.0,0.0,0.0,-2.0,2018,45
352570.0,2019-09-14,18810.0,71838.0,1090.0,Mango (all varieties)-Mangifera indica,26.16799,91.7284,Assam,1.0,2.0,0.0,0.0,0.0,-2.0,-2.0,0.0,0.0,-2.0,2019,33
352568.0,2019-09-14,18810.0,71836.0,1090.0,Mango (all varieties)-Mangifera indica,26.16799,91.7284,Assam,1.0,2.0,0.0,0.0,0.0,-2.0,-2.0,0.0,0.0,-2.0,2019,33
352564.0,2019-09-14,18810.0,71832.0,1090.0,Mango (all varieties)-Mangifera indica,26.16799,91.7284,Assam,1.0,2.0,0.0,0.0,0.0,-2.0,-2.0,0.0,0.0,-2.0,2019,33
258492.0,2018-12-31,16980.0,9941.0,1090.0,Mango (all varieties)-Mangifera indica,26.14953,91.81017,Assam,1.0,2.0,-1.0,0.0,0.0,-2.0,-2.0,0.0,0.0,-2.0,2019,48
226788.0,2018-11-05,16980.0,9941.0,1090.0,Mango (all varieties)-Mangifera indica,26.14953,91.81017,Assam,1.0,1.0,-1.0,0.0,0.0,-2.0,-2.0,0.0,0.0,-2.0,2018,40
220012.0,2018-10-15,16980.0,9941.0,1090.0,Mango (all varieties)-Mangifera indica,26.14953,91.81017,Assam,1.0,1.0,-1.0,0.0,0.0,-2.0,-2.0,0.0,0.0,-2.0,2018,37
222843.0,2018-10-22,16980.0,9941.0,1090.0,Mango (all varieties)-Mangifera indica,26.14953,91.81017,Assam,1.0,1.0,-1.0,0.0,0.0,-2.0,-2.0,0.0,0.0,-2.0,2018,38
223468.0,2018-10-29,16980.0,9941.0,1090.0,Mango (all varieties)-Mangifera indica,26.14953,91.81017,Assam,1.0,2.0,0.0,0.0,0.0,-2.0,-2.0,0.0,0.0,-2.0,2018,39
233386.0,2018-11-26,16980.0,9941.0,1090.0,Mango (all varieties)-Mangifera indica,26.14953,91.81017,Assam,1.0,1.0,0.0,0.0,0.0,-2.0,-2.0,0.0,0.0,-2.0,2018,43
229502.0,2018-11-19,16980.0,9941.0,1090.0,Mango (all varieties)-Mangifera indica,26.14953,91.81017,Assam,1.0,2.0,-1.0,0.0,0.0,-2.0,-2.0,0.0,0.0,-2.0,2018,42
590425.0,2022-04-29,23649.0,117016.0,1090.0,Mango (all varieties)-Mangifera indica,25.95077,92.22249,Assam,1.0,2.0,0.0,0.0,0.0,-2.0,-2.0,0.0,0.0,-2.0,2022,15
251065.0,2018-12-03,16980.0,9941.0,1090.0,Mango (all varieties)-Mangifera indica,26.14953,91.81017,Assam,1.0,1.0,-1.0,0.0,0.0,-2.0,-2.0,0.0,0.0,-2.0,2018,44
638301.0,2023-01-31,15210.0,129799.0,1090.0,Mango (all varieties)-Mangifera indica,26.6513,92.78313,Assam,0.0,2.0,0.0,2.0,2.0,-2.0,-2.0,0.0,0.0,-2.0,2023,4
638363.0,2023-01-31,15210.0,129813.0,1090.0,Mango (all varieties)-Mangifera indica,26.53784,92.92834,Assam,0.0,2.0,2.0,0.0,0.0,-2.0,-2.0,0.0,0.0,-2.0,2023,4
337053.0,2019-06-24,16980.0,9941.0,1090.0,Mango (all varieties)-Mangifera indica,26.14953,91.81017,Assam,2.0,2.0,-1.0,0.0,0.0,-2.0,-2.0,0.0,2.0,-2.0,2019,23
337052.0,2019-06-17,16980.0,9941.0,1090.0,Mango (all varieties)-Mangifera indica,26.14953,91.81017,Assam,2.0,2.0,-1.0,0.0,0.0,-2.0,-2.0,0.0,2.0,-2.0,2019,22
337051.0,2019-06-03,16980.0,9941.0,1090.0,Mango (all varieties)-Mangifera indica,26.14953,91.81017,Assam,2.0,2.0,-1.0,0.0,0.0,-2.0,-2.0,1.0,2.0,-2.0,2019,20
337050.0,2019-05-27,16980.0,9941.0,1090.0,Mango (all varieties)-Mangifera indica,26.14953,91.81017,Assam,2.0,2.0,-1.0,0.0,1.0,-2.0,-2.0,2.0,1.0,-2.0,2019,19
337049.0,2019-05-20,16980.0,9941.0,1090.0,Mango (all varieties)-Mangifera indica,26.14953,91.81017,Assam,2.0,2.0,-1.0,1.0,1.0,-2.0,-2.0,1.0,1.0,-2.0,2019,18
337048.0,2019-05-13,16980.0,9941.0,1090.0,Mango (all varieties)-Mangifera indica,26.14953,91.81017,Assam,2.0,2.0,-1.0,1.0,1.0,-2.0,-2.0,1.0,0.0,-2.0,2019,17
337047.0,2019-05-06,16980.0,9941.0,1090.0,Mango (all varieties)-Mangifera indica,26.14953,91.81017,Assam,2.0,2.0,-1.0,2.0,1.0,-2.0,-2.0,1.0,0.0,-2.0,2019,16
337046.0,2019-04-29,16980.0,9941.0,1090.0,Mango (all varieties)-Mangifera indica,26.14953,91.81017,Assam,2.0,2.0,-1.0,2.0,1.0,-2.0,-2.0,0.0,0.0,-2.0,2019,15
337045.0,2019-04-22,16980.0,9941.0,1090.0,Mango (all varieties)-Mangifera indica,26.14953,91.81017,Assam,2.0,2.0,-1.0,1.0,1.0,-2.0,-2.0,0.0,0.0,-2.0,2019,14
337044.0,2019-04-15,16980.0,9941.0,1090.0,Mango (all varieties)-Mangifera indica,26.14953,91.81017,Assam,2.0,2.0,-1.0,1.0,1.0,-2.0,-2.0,0.0,0.0,-2.0,2019,13
337043.0,2019-04-08,16980.0,9941.0,1090.0,Mango (all varieties)-Mangifera indica,26.14953,91.81017,Assam,1.0,2.0,-1.0,1.0,0.0,-2.0,-2.0,0.0,0.0,-2.0,2019,12
651959.0,2023-04-01,26895.0,131159.0,1090.0,Mango (all varieties)-Mangifera indica,26.13177,92.83777,Assam,1.0,2.0,1.0,1.0,0.0,-2.0,-2.0,0.0,0.0,-2.0,2023,12
649383.0,2023-03-25,26895.0,131159.0,1090.0,Mango (all varieties)-Mangifera indica,26.13177,92.83777,Assam,1.0,1.0,2.0,1.0,0.0,-2.0,-2.0,0.0,0.0,-2.0,2023,11
659939.0,2023-04-29,26895.0,131159.0,1090.0,Mango (all varieties)-Mangifera indica,26.13177,92.83777,Assam,1.0,1.0,0.0,1.0,0.0,-2.0,-2.0,0.0,0.0,-2.0,2023,15
307645.0,2019-03-11,16980.0,9941.0,1090.0,Mango (all varieties)-Mangifera indica,26.14953,91.81017,Assam,2.0,2.0,-1.0,1.0,1.0,-2.0,-2.0,1.0,0.0,-2.0,2019,9
307646.0,2019-03-18,16980.0,9941.0,1090.0,Mango (all varieties)-Mangifera indica,26.14953,91.81017,Assam,2.0,2.0,-1.0,1.0,1.0,-2.0,-2.0,1.0,-1.0,-2.0,2019,10
307647.0,2019-03-25,16980.0,9941.0,1090.0,Mango (all varieties)-Mangifera indica,26.14953,91.81017,Assam,2.0,2.0,-1.0,1.0,1.0,-2.0,-2.0,1.0,-1.0,-2.0,2019,11
307648.0,2019-04-01,16980.0,9941.0,1090.0,Mango (all varieties)-Mangifera indica,26.14953,91.81017,Assam,2.0,2.0,-1.0,1.0,1.0,-2.0,-2.0,1.0,-1.0,-2.0,2019,12
345221.0,2019-08-20,18810.0,68365.0,1090.0,Mango (all varieties)-Mangifera indica,26.58599,93.40222,Assam,1.0,2.0,0.0,0.0,0.0,-2.0,-2.0,0.0,0.0,-2.0,2019,30
345217.0,2019-08-20,18810.0,68361.0,1090.0,Mango (all varieties)-Mangifera indica,26.58599,93.40222,Assam,2.0,2.0,0.0,0.0,0.0,-2.0,-2.0,0.0,0.0,-2.0,2019,30
279639.0,2019-02-11,16980.0,9941.0,1090.0,Mango (all varieties)-Mangifera indica,26.14953,91.81017,Assam,1.0,2.0,1.0,2.0,1.0,-2.0,-2.0,0.0,0.0,-2.0,2019,5
279637.0,2019-01-28,16980.0,9941.0,1090.0,Mango (all varieties)-Mangifera indica,26.14953,91.81017,Assam,1.0,2.0,1.0,0.0,0.0,-2.0,-2.0,0.0,0.0,-2.0,2019,3
279638.0,2019-02-04,16980.0,9941.0,1090.0,Mango (all varieties)-Mangifera indica,26.14953,91.81017,Assam,1.0,2.0,1.0,1.0,0.0,-2.0,-2.0,0.0,0.0,-2.0,2019,4
342025.0,2019-07-22,16980.0,9941.0,1090.0,Mango (all varieties)-Mangifera indica,26.14953,91.81017,Assam,2.0,2.0,-1.0,0.0,0.0,-2.0,-2.0,-1.0,1.0,-2.0,2019,26
342024.0,2019-07-15,16980.0,9941.0,1090.0,Mango (all varieties)-Mangifera indica,26.14953,91.81017,Assam,2.0,2.0,-1.0,0.0,0.0,-2.0,-2.0,-1.0,1.0,-2.0,2019,25
342023.0,2019-07-08,16980.0,9941.0,1090.0,Mango (all varieties)-Mangifera indica,26.14953,91.81017,Assam,2.0,2.0,-1.0,0.0,0.0,-2.0,-2.0,-1.0,1.0,-2.0,2019,24
342022.0,2019-07-01,16980.0,9941.0,1090.0,Mango (all varieties)-Mangifera indica,26.14953,91.81017,Assam,1.0,2.0,-1.0,0.0,1.0,-2.0,-2.0,0.0,1.0,-2.0,2019,24
263430.0,2019-01-14,16980.0,9941.0,1090.0,Mango (all varieties)-Mangifera indica,26.14953,91.81017,Assam,1.0,1.0,-1.0,0.0,0.0,-2.0,-2.0,0.0,0.0,-2.0,2019,1
350150.0,2019-09-13,21287.0,69449.0,1090.0,Mango (all varieties)-Mangifera indica,26.18687,91.74778,Assam,1.0,2.0,0.0,0.0,0.0,-2.0,-2.0,0.0,0.0,-2.0,2019,33
260473.0,2019-01-07,16980.0,9941.0,1090.0,Mango (all varieties)-Mangifera indica,26.14953,91.81017,Assam,2.0,2.0,-1.0,0.0,0.0,-2.0,-2.0,0.0,0.0,-2.0,2019,0
266354.0,2019-01-21,16980.0,9941.0,1090.0,Mango (all varieties)-Mangifera indica,26.14953,91.81017,Assam,1.0,1.0,-1.0,0.0,0.0,-2.0,-2.0,0.0,0.0,-2.0,2019,2
287677.0,2019-02-25,16980.0,9941.0,1090.0,Mango (all varieties)-Mangifera indica,26.14953,91.81017,Assam,2.0,2.0,0.0,1.0,0.0,-2.0,-2.0,0.0,0.0,-2.0,2019,7
287676.0,2019-02-18,16980.0,9941.0,1090.0,Mango (all varieties)-Mangifera indica,26.14953,91.81017,Assam,2.0,2.0,0.0,1.0,0.0,-2.0,-2.0,0.0,0.0,-2.0,2019,6
287679.0,2019-03-04,16980.0,9941.0,1090.0,Mango (all varieties)-Mangifera indica,26.14953,91.81017,Assam,2.0,2.0,0.0,2.0,1.0,-2.0,-2.0,0.0,0.0,-2.0,2019,8
629080.0,2022-12-15,26292.0,128519.0,1090.0,Mango (all varieties)-Mangifera indica,26.2165,91.89183,Assam,2.0,1.0,0.0,0.0,0.0,-2.0,-2.0,0.0,0.0,-2.0,2022,46
568203.0,2022-02-08,24073.0,104986.0,1090.0,Mango (all varieties)-Mangifera indica,26.18771,91.74674,Assam,1.0,2.0,1.0,0.0,0.0,-2.0,-2.0,0.0,0.0,-2.0,2022,5
574202.0,2022-02-23,24601.0,111061.0,1090.0,Mango (all varieties)-Mangifera indica,26.62967,93.72785,Assam,0.0,2.0,1.0,0.0,0.0,-2.0,-2.0,0.0,0.0,-2.0,2022,7
570312.0,2022-02-11,24601.0,111061.0,1090.0,Mango (all varieties)-Mangifera indica,26.62967,93.72785,Assam,1.0,2.0,1.0,0.0,0.0,-2.0,-2.0,0.0,0.0,-2.0,2022,5
544156.0,2021-11-24,24073.0,104986.0,1090.0,Mango (all varieties)-Mangifera indica,26.18771,91.74674,Assam,0.0,2.0,2.0,0.0,0.0,-2.0,-2.0,0.0,0.0,-2.0,2021,43
356553.0,2019-09-16,18810.0,75603.0,1065.0,Mast Tree-Monoon longifolium,26.14422,91.7743,Assam,1.0,2.0,1.0,-2.0,0.0,-2.0,-2.0,0.0,0.0,-2.0,2019,34
356557.0,2019-09-16,18810.0,75605.0,1065.0,Mast Tree-Monoon longifolium,26.14422,91.7743,Assam,1.0,2.0,1.0,-2.0,0.0,-2.0,-2.0,0.0,0.0,-2.0,2019,34
631297.0,2023-01-03,15210.0,129234.0,1065.0,Mast Tree-Monoon longifolium,26.16265,91.78374,Assam,1.0,2.0,1.0,-2.0,0.0,-2.0,-2.0,2.0,2.0,-2.0,2023,0
345218.0,2019-08-20,18810.0,68362.0,1065.0,Mast Tree-Monoon longifolium,26.58599,93.40222,Assam,1.0,2.0,0.0,-2.0,0.0,-2.0,-2.0,0.0,0.0,-2.0,2019,30
580994.0,2022-03-24,24071.0,107085.0,1054.0,Maulsari-Mimusops elengi,26.18771,91.74674,Assam,0.0,2.0,2.0,0.0,0.0,-2.0,-2.0,2.0,2.0,-2.0,2022,10
543282.0,2021-11-22,24220.0,107087.0,1054.0,Maulsari-Mimusops elengi,27.51525,91.91045,Assam,0.0,2.0,1.0,0.0,0.0,-2.0,-2.0,2.0,0.0,-2.0,2021,42
543279.0,2021-11-22,24071.0,107085.0,1054.0,Maulsari-Mimusops elengi,26.18771,91.74674,Assam,1.0,2.0,1.0,0.0,0.0,-2.0,-2.0,2.0,1.0,-2.0,2021,42
543271.0,2021-11-22,24069.0,105008.0,1054.0,Maulsari-Mimusops elengi,26.18774,91.74745,Assam,1.0,2.0,1.0,0.0,0.0,-2.0,-2.0,0.0,0.0,-2.0,2021,42
545054.0,2021-11-26,24186.0,106102.0,1054.0,Maulsari-Mimusops elengi,26.18779,91.74722,Assam,0.0,2.0,1.0,0.0,0.0,-2.0,-2.0,2.0,1.0,-2.0,2021,43
545053.0,2021-11-26,24071.0,107085.0,1054.0,Maulsari-Mimusops elengi,26.18771,91.74674,Assam,2.0,2.0,1.0,2.0,0.0,-2.0,-2.0,2.0,1.0,-2.0,2021,43
545051.0,2021-11-26,24069.0,105008.0,1054.0,Maulsari-Mimusops elengi,26.18774,91.74745,Assam,1.0,2.0,1.0,1.0,0.0,-2.0,-2.0,0.0,0.0,-2.0,2021,43
576960.0,2022-03-02,24186.0,106102.0,1054.0,Maulsari-Mimusops elengi,26.18779,91.74722,Assam,1.0,2.0,0.0,0.0,0.0,-2.0,-2.0,2.0,1.0,-2.0,2022,8
573430.0,2022-02-18,24071.0,107085.0,1054.0,Maulsari-Mimusops elengi,26.18771,91.74674,Assam,0.0,2.0,1.0,0.0,0.0,-2.0,-2.0,2.0,1.0,-2.0,2022,6
579230.0,2022-03-02,24071.0,107085.0,1054.0,Maulsari-Mimusops elengi,26.18771,91.74674,Assam,0.0,1.0,1.0,0.0,0.0,-2.0,-2.0,2.0,1.0,-2.0,2022,8
358152.0,2019-09-20,21286.0,69446.0,1054.0,Maulsari-Mimusops elengi,26.18598,91.74806,Assam,1.0,2.0,0.0,1.0,2.0,-2.0,-2.0,0.0,0.0,-2.0,2019,34
350306.0,2019-09-13,21290.0,69608.0,1054.0,Maulsari-Mimusops elengi,26.18687,91.74778,Assam,2.0,2.0,1.0,1.0,1.0,-2.0,-2.0,1.0,0.0,-2.0,2019,33
350145.0,2019-09-13,21286.0,69446.0,1054.0,Maulsari-Mimusops elengi,26.18598,91.74806,Assam,1.0,2.0,0.0,1.0,2.0,-2.0,-2.0,0.0,0.0,-2.0,2019,33
369951.0,2019-11-08,21286.0,69446.0,1054.0,Maulsari-Mimusops elengi,26.18598,91.74806,Assam,1.0,2.0,1.0,0.0,0.0,-2.0,-2.0,0.0,0.0,-2.0,2019,41
580993.0,2022-03-24,24071.0,104987.0,1177.0,Mexican oleander-Thevetia peruviana,26.18771,91.74674,Assam,1.0,2.0,1.0,1.0,2.0,-2.0,-2.0,1.0,0.0,-2.0,2022,10
583143.0,2022-04-06,24078.0,105007.0,1177.0,Mexican oleander-Thevetia peruviana,26.18732,91.74709,Assam,2.0,2.0,0.0,1.0,2.0,-2.0,-2.0,2.0,1.0,-2.0,2022,12
579231.0,2022-03-02,24071.0,104987.0,1177.0,Mexican oleander-Thevetia peruviana,26.18771,91.74674,Assam,1.0,2.0,1.0,1.0,1.0,-2.0,-2.0,2.0,1.0,-2.0,2022,8
574846.0,2022-02-25,24078.0,105007.0,1177.0,Mexican oleander-Thevetia peruviana,26.18732,91.74709,Assam,1.0,2.0,1.0,1.0,0.0,-2.0,-2.0,2.0,1.0,-2.0,2022,7
554672.0,2022-01-03,24071.0,104987.0,1177.0,Mexican oleander-Thevetia peruviana,26.18771,91.74674,Assam,1.0,2.0,1.0,1.0,2.0,-2.0,-2.0,0.0,2.0,-2.0,2022,0
592995.0,2022-05-19,24078.0,105007.0,1177.0,Mexican oleander-Thevetia peruviana,26.18732,91.74709,Assam,1.0,2.0,1.0,0.0,2.0,-2.0,-2.0,2.0,1.0,-2.0,2022,18
574062.0,2022-02-21,24078.0,105007.0,1177.0,Mexican oleander-Thevetia peruviana,26.18732,91.74709,Assam,1.0,2.0,1.0,1.0,0.0,-2.0,-2.0,2.0,1.0,-2.0,2022,6
582073.0,2022-03-29,24078.0,105007.0,1177.0,Mexican oleander-Thevetia peruviana,26.18732,91.74709,Assam,2.0,1.0,0.0,1.0,2.0,-2.0,-2.0,2.0,1.0,-2.0,2022,11
580197.0,2022-03-17,24078.0,105007.0,1177.0,Mexican oleander-Thevetia peruviana,26.18732,91.74709,Assam,1.0,2.0,1.0,1.0,0.0,-2.0,-2.0,2.0,1.0,-2.0,2022,10
543275.0,2021-11-22,24219.0,107081.0,1177.0,Mexican oleander-Thevetia peruviana,26.18771,91.74674,Assam,1.0,2.0,1.0,1.0,1.0,-2.0,-2.0,2.0,1.0,-2.0,2021,42
580937.0,2022-03-23,24078.0,105007.0,1177.0,Mexican oleander-Thevetia peruviana,26.18732,91.74709,Assam,1.0,2.0,1.0,0.0,2.0,-2.0,-2.0,1.0,1.0,-2.0,2022,10
352866.0,2019-09-14,18810.0,72134.0,1177.0,Mexican oleander-Thevetia peruviana,26.18206,91.73784,Assam,1.0,2.0,0.0,1.0,2.0,-2.0,-2.0,1.0,0.0,-2.0,2019,33
345824.0,2019-08-25,18810.0,68387.0,1177.0,Mexican oleander-Thevetia peruviana,26.15181,91.65427,Assam,1.0,2.0,0.0,1.0,2.0,-2.0,-2.0,2.0,0.0,-2.0,2019,31
545049.0,2021-11-26,24071.0,104987.0,1177.0,Mexican oleander-Thevetia peruviana,26.18771,91.74674,Assam,2.0,2.0,1.0,1.0,2.0,-2.0,-2.0,1.0,2.0,-2.0,2021,43
571436.0,2022-02-14,24219.0,107081.0,1177.0,Mexican oleander-Thevetia peruviana,26.18771,91.74674,Assam,0.0,2.0,1.0,0.0,0.0,-2.0,-2.0,1.0,2.0,-2.0,2022,5
544142.0,2021-11-24,24078.0,105007.0,1177.0,Mexican oleander-Thevetia peruviana,26.18732,91.74709,Assam,1.0,2.0,1.0,0.0,2.0,-2.0,-2.0,2.0,1.0,-2.0,2021,43
544153.0,2021-11-24,24071.0,104987.0,1177.0,Mexican oleander-Thevetia peruviana,26.18771,91.74674,Assam,2.0,1.0,1.0,1.0,1.0,-2.0,-2.0,1.0,2.0,-2.0,2021,43
295097.0,2019-03-16,18810.0,35355.0,1177.0,Mexican oleander-Thevetia peruviana,26.83961,92.81174,Assam,1.0,2.0,1.0,0.0,0.0,-2.0,-2.0,0.0,0.0,-2.0,2019,9
571437.0,2022-01-12,24219.0,107081.0,1177.0,Mexican oleander-Thevetia peruviana,26.18771,91.74674,Assam,2.0,2.0,1.0,0.0,1.0,-2.0,-2.0,2.0,2.0,-2.0,2022,1
647260.0,2023-03-12,27035.0,130650.0,1051.0,Nag Champa-Mesua ferrea,26.88088,94.50559,Assam,2.0,2.0,1.0,0.0,0.0,-2.0,-2.0,0.0,0.0,-2.0,2023,9
631340.0,2023-01-03,15210.0,129247.0,1051.0,Nag Champa-Mesua ferrea,26.16227,91.78774,Assam,0.0,2.0,2.0,0.0,0.0,-2.0,-2.0,0.0,0.0,-2.0,2023,0
295041.0,2019-03-16,18810.0,35299.0,1051.0,Nag Champa-Mesua ferrea,26.83961,92.81174,Assam,2.0,1.0,1.0,1.0,0.0,-2.0,-2.0,1.0,0.0,-2.0,2019,9
631296.0,2023-01-03,15210.0,129233.0,1051.0,Nag Champa-Mesua ferrea,26.16265,91.78374,Assam,2.0,2.0,1.0,0.0,0.0,-2.0,-2.0,0.0,0.0,-2.0,2023,0
579354.0,2022-03-12,20285.0,112283.0,1051.0,Nag Champa-Mesua ferrea,27.26272,95.39871,Assam,2.0,2.0,0.0,0.0,0.0,-2.0,-2.0,0.0,0.0,-2.0,2022,9
295067.0,2019-03-16,18810.0,35325.0,1051.0,Nag Champa-Mesua ferrea,26.83961,92.81174,Assam,1.0,2.0,1.0,1.0,1.0,-2.0,-2.0,0.0,0.0,-2.0,2019,9
571396.0,2022-01-17,24352.0,109523.0,1011.0,Neem-Azadirachta indica,26.18751,91.74668,Assam,1.0,2.0,1.0,0.0,0.0,-2.0,-2.0,0.0,0.0,-2.0,2022,2
571395.0,2022-02-14,24217.0,107080.0,1011.0,Neem-Azadirachta indica,26.18694,91.74717,Assam,1.0,2.0,1.0,0.0,0.0,-2.0,-2.0,0.0,0.0,-2.0,2022,5
571397.0,2022-01-24,24352.0,109523.0,1011.0,Neem-Azadirachta indica,26.18751,91.74668,Assam,1.0,2.0,1.0,0.0,0.0,-2.0,-2.0,0.0,0.0,-2.0,2022,3
571400.0,2022-01-31,24352.0,109523.0,1011.0,Neem-Azadirachta indica,26.18751,91.74668,Assam,1.0,2.0,1.0,0.0,0.0,-2.0,-2.0,0.0,0.0,-2.0,2022,4
631281.0,2023-01-03,15210.0,129230.0,1011.0,Neem-Azadirachta indica,26.18586,91.76661,Assam,0.0,2.0,2.0,0.0,0.0,-2.0,-2.0,1.0,0.0,-2.0,2023,0
571401.0,2022-02-07,24352.0,109523.0,1011.0,Neem-Azadirachta indica,26.18751,91.74668,Assam,1.0,2.0,1.0,0.0,0.0,-2.0,-2.0,0.0,0.0,-2.0,2022,5
583376.0,2022-01-03,24077.0,104973.0,1011.0,Neem-Azadirachta indica,26.18533,91.75198,Assam,0.0,2.0,1.0,0.0,0.0,-2.0,-2.0,0.0,0.0,-2.0,2022,0
583382.0,2022-02-14,24077.0,104973.0,1011.0,Neem-Azadirachta indica,26.18533,91.75198,Assam,0.0,2.0,2.0,0.0,0.0,-2.0,-2.0,0.0,0.0,-2.0,2022,5
583384.0,2022-03-21,24077.0,104973.0,1011.0,Neem-Azadirachta indica,26.18533,91.75198,Assam,0.0,2.0,1.0,0.0,0.0,-2.0,-2.0,0.0,0.0,-2.0,2022,10
583385.0,2022-02-21,24077.0,104973.0,1011.0,Neem-Azadirachta indica,26.18533,91.75198,Assam,0.0,2.0,1.0,0.0,0.0,-2.0,-2.0,0.0,0.0,-2.0,2022,6
583387.0,2022-03-28,24077.0,104973.0,1011.0,Neem-Azadirachta indica,26.18533,91.75198,Assam,1.0,2.0,1.0,0.0,0.0,-2.0,-2.0,0.0,0.0,-2.0,2022,11
583386.0,2022-03-07,24077.0,104973.0,1011.0,Neem-Azadirachta indica,26.18533,91.75198,Assam,1.0,2.0,1.0,0.0,0.0,-2.0,-2.0,0.0,0.0,-2.0,2022,8
583377.0,2022-01-10,24077.0,104973.0,1011.0,Neem-Azadirachta indica,26.18533,91.75198,Assam,0.0,2.0,1.0,0.0,0.0,-2.0,-2.0,0.0,0.0,-2.0,2022,1
583378.0,2022-01-17,24077.0,104973.0,1011.0,Neem-Azadirachta indica,26.18533,91.75198,Assam,0.0,2.0,1.0,0.0,0.0,-2.0,-2.0,0.0,0.0,-2.0,2022,2
583379.0,2022-01-24,24077.0,104973.0,1011.0,Neem-Azadirachta indica,26.18533,91.75198,Assam,0.0,2.0,2.0,0.0,0.0,-2.0,-2.0,0.0,0.0,-2.0,2022,3
583380.0,2022-01-31,24077.0,104973.0,1011.0,Neem-Azadirachta indica,26.18533,91.75198,Assam,0.0,2.0,1.0,0.0,0.0,-2.0,-2.0,0.0,0.0,-2.0,2022,4
583381.0,2022-02-07,24077.0,104973.0,1011.0,Neem-Azadirachta indica,26.18533,91.75198,Assam,0.0,2.0,1.0,0.0,0.0,-2.0,-2.0,0.0,0.0,-2.0,2022,5
571394.0,2022-01-10,24352.0,109523.0,1011.0,Neem-Azadirachta indica,26.18751,91.74668,Assam,1.0,2.0,1.0,0.0,0.0,-2.0,-2.0,0.0,0.0,-2.0,2022,1
571402.0,2022-02-14,24352.0,109523.0,1011.0,Neem-Azadirachta indica,26.18751,91.74668,Assam,1.0,2.0,1.0,0.0,0.0,-2.0,-2.0,0.0,0.0,-2.0,2022,5
554758.0,2022-01-03,24217.0,107080.0,1011.0,Neem-Azadirachta indica,26.18694,91.74717,Assam,1.0,2.0,0.0,0.0,0.0,-2.0,-2.0,0.0,0.0,-2.0,2022,0
582072.0,2022-03-29,24078.0,107519.0,1011.0,Neem-Azadirachta indica,26.17845,91.75269,Assam,2.0,1.0,1.0,1.0,0.0,-2.0,-2.0,0.0,0.0,-2.0,2022,11
591366.0,2022-05-09,24072.0,104982.0,1011.0,Neem-Azadirachta indica,26.18702,91.74684,Assam,0.0,2.0,2.0,0.0,0.0,-2.0,-2.0,0.0,0.0,-2.0,2022,17
572042.0,2022-02-15,24072.0,104982.0,1011.0,Neem-Azadirachta indica,26.18702,91.74684,Assam,0.0,2.0,1.0,0.0,0.0,-2.0,-2.0,0.0,0.0,-2.0,2022,6
544145.0,2021-11-24,24072.0,104982.0,1011.0,Neem-Azadirachta indica,26.18702,91.74684,Assam,1.0,2.0,1.0,0.0,0.0,-2.0,-2.0,0.0,0.0,-2.0,2021,43
592998.0,2022-05-19,24078.0,107519.0,1011.0,Neem-Azadirachta indica,26.17845,91.75269,Assam,2.0,2.0,1.0,0.0,0.0,-2.0,-2.0,0.0,0.0,-2.0,2022,18
583142.0,2022-04-06,24078.0,107519.0,1011.0,Neem-Azadirachta indica,26.17845,91.75269,Assam,2.0,2.0,0.0,0.0,0.0,-2.0,-2.0,0.0,0.0,-2.0,2022,12
542322.0,2021-11-20,24077.0,104973.0,1011.0,Neem-Azadirachta indica,26.18533,91.75198,Assam,0.0,2.0,1.0,0.0,0.0,-2.0,-2.0,0.0,0.0,-2.0,2021,42
583192.0,2022-04-07,24072.0,104982.0,1011.0,Neem-Azadirachta indica,26.18702,91.74684,Assam,0.0,2.0,1.0,0.0,0.0,-2.0,-2.0,0.0,0.0,-2.0,2022,12
543273.0,2021-11-22,24066.0,104966.0,1011.0,Neem-Azadirachta indica,26.18771,91.74674,Assam,1.0,2.0,1.0,0.0,0.0,-2.0,-2.0,0.0,0.0,-2.0,2021,42
543272.0,2021-11-22,24217.0,107080.0,1011.0,Neem-Azadirachta indica,26.18694,91.74717,Assam,1.0,2.0,1.0,0.0,0.0,-2.0,-2.0,0.0,0.0,-2.0,2021,42
592929.0,2022-05-18,24072.0,104982.0,1011.0,Neem-Azadirachta indica,26.18702,91.74684,Assam,0.0,2.0,1.0,0.0,0.0,-2.0,-2.0,0.0,0.0,-2.0,2022,18
649050.0,2023-03-24,23649.0,130944.0,1011.0,Neem-Azadirachta indica,26.33498,91.01692,Assam,2.0,0.0,0.0,0.0,0.0,-2.0,-2.0,0.0,0.0,-2.0,2023,10
649051.0,2023-03-24,23649.0,130945.0,1011.0,Neem-Azadirachta indica,26.33995,91.03102,Assam,2.0,0.0,0.0,0.0,0.0,-2.0,-2.0,0.0,0.0,-2.0,2023,10
574851.0,2022-02-25,24078.0,107519.0,1011.0,Neem-Azadirachta indica,26.17845,91.75269,Assam,1.0,2.0,1.0,0.0,0.0,-2.0,-2.0,0.0,0.0,-2.0,2022,7
576958.0,2022-03-02,24072.0,104982.0,1011.0,Neem-Azadirachta indica,26.18702,91.74684,Assam,0.0,2.0,1.0,0.0,0.0,-2.0,-2.0,0.0,0.0,-2.0,2022,8
603312.0,2022-08-01,24072.0,104982.0,1011.0,Neem-Azadirachta indica,26.18702,91.74684,Assam,1.0,2.0,1.0,0.0,0.0,-2.0,-2.0,0.0,1.0,-2.0,2022,28
587166.0,2022-04-25,24072.0,104982.0,1011.0,Neem-Azadirachta indica,26.18702,91.74684,Assam,1.0,2.0,1.0,0.0,0.0,-2.0,-2.0,0.0,0.0,-2.0,2022,15
590419.0,2022-05-02,24072.0,104982.0,1011.0,Neem-Azadirachta indica,26.18702,91.74684,Assam,1.0,2.0,1.0,0.0,0.0,-2.0,-2.0,0.0,0.0,-2.0,2022,16
588657.0,2022-04-29,23649.0,115570.0,1011.0,Neem-Azadirachta indica,26.16836,91.77789,Assam,2.0,1.0,0.0,1.0,1.0,-2.0,-2.0,0.0,0.0,-2.0,2022,15
589168.0,2022-04-30,23649.0,115994.0,1011.0,Neem-Azadirachta indica,26.17374,91.78647,Assam,2.0,1.0,0.0,1.0,1.0,-2.0,-2.0,0.0,0.0,-2.0,2022,15
574055.0,2022-02-21,24217.0,107080.0,1011.0,Neem-Azadirachta indica,26.18694,91.74717,Assam,0.0,2.0,1.0,0.0,0.0,-2.0,-2.0,0.0,0.0,-2.0,2022,6
574056.0,2022-02-21,24078.0,107519.0,1011.0,Neem-Azadirachta indica,26.17845,91.75269,Assam,1.0,2.0,1.0,0.0,0.0,-2.0,-2.0,0.0,0.0,-2.0,2022,6
574059.0,2022-02-21,24072.0,104982.0,1011.0,Neem-Azadirachta indica,26.18702,91.74684,Assam,1.0,2.0,0.0,0.0,0.0,-2.0,-2.0,0.0,0.0,-2.0,2022,6
580936.0,2022-03-23,24078.0,107519.0,1011.0,Neem-Azadirachta indica,26.17845,91.75269,Assam,0.0,1.0,2.0,0.0,0.0,-2.0,-2.0,0.0,0.0,-2.0,2022,10
580790.0,2022-03-22,24072.0,104982.0,1011.0,Neem-Azadirachta indica,26.18702,91.74684,Assam,0.0,2.0,2.0,0.0,0.0,-2.0,-2.0,0.0,0.0,-2.0,2022,10
613483.0,2022-09-22,24072.0,104982.0,1011.0,Neem-Azadirachta indica,26.18702,91.74684,Assam,1.0,2.0,1.0,0.0,0.0,-2.0,-2.0,0.0,0.0,-2.0,2022,34
567272.0,2022-02-07,24217.0,107080.0,1011.0,Neem-Azadirachta indica,26.18694,91.74717,Assam,0.0,2.0,1.0,0.0,0.0,-2.0,-2.0,0.0,0.0,-2.0,2022,5
595389.0,2022-06-09,24072.0,104982.0,1011.0,Neem-Azadirachta indica,26.18702,91.74684,Assam,1.0,2.0,1.0,0.0,0.0,-2.0,-2.0,0.0,0.0,-2.0,2022,21
566184.0,2022-02-04,24072.0,104982.0,1011.0,Neem-Azadirachta indica,26.18702,91.74684,Assam,0.0,2.0,1.0,0.0,0.0,-2.0,-2.0,0.0,0.0,-2.0,2022,4
581123.0,2022-02-21,24352.0,109523.0,1011.0,Neem-Azadirachta indica,26.18751,91.74668,Assam,1.0,2.0,1.0,0.0,0.0,-2.0,-2.0,0.0,0.0,-2.0,2022,6
581126.0,2022-03-14,24352.0,109523.0,1011.0,Neem-Azadirachta indica,26.18751,91.74668,Assam,2.0,1.0,0.0,0.0,0.0,-2.0,-2.0,0.0,0.0,-2.0,2022,9
581125.0,2022-03-07,24352.0,109523.0,1011.0,Neem-Azadirachta indica,26.18751,91.74668,Assam,1.0,1.0,2.0,0.0,0.0,-2.0,-2.0,0.0,0.0,-2.0,2022,8
581124.0,2022-02-28,24352.0,109523.0,1011.0,Neem-Azadirachta indica,26.18751,91.74668,Assam,1.0,2.0,2.0,0.0,0.0,-2.0,-2.0,0.0,0.0,-2.0,2022,7
581127.0,2022-03-21,24352.0,109523.0,1011.0,Neem-Azadirachta indica,26.18751,91.74668,Assam,2.0,0.0,0.0,0.0,0.0,-2.0,-2.0,0.0,0.0,-2.0,2022,10
580195.0,2022-03-17,24078.0,107519.0,1011.0,Neem-Azadirachta indica,26.17845,91.75269,Assam,1.0,2.0,1.0,0.0,0.0,-2.0,-2.0,0.0,0.0,-2.0,2022,10
594586.0,2022-06-01,24072.0,104982.0,1011.0,Neem-Azadirachta indica,26.18702,91.74684,Assam,1.0,2.0,1.0,0.0,0.0,-2.0,-2.0,0.0,0.0,-2.0,2022,20
568204.0,2022-02-08,24078.0,107519.0,1011.0,Neem-Azadirachta indica,26.17845,91.75269,Assam,0.0,2.0,1.0,0.0,0.0,-2.0,-2.0,0.0,0.0,-2.0,2022,5
571389.0,2022-02-14,23649.0,111224.0,1059.0,Night Flowering Jasmine-Nyctanthes arbor-tristis,26.14197,93.9348,Assam,0.0,2.0,1.0,0.0,0.0,-2.0,-2.0,2.0,1.0,-2.0,2022,5
295220.0,2019-03-16,18810.0,35473.0,1059.0,Night Flowering Jasmine-Nyctanthes arbor-tristis,26.83961,92.81174,Assam,1.0,1.0,1.0,0.0,0.0,-2.0,-2.0,0.0,0.0,-2.0,2019,9
356560.0,2019-09-16,18810.0,75607.0,1037.0,Peepal-Ficus religiosa,26.14422,91.7743,Assam,1.0,2.0,1.0,-2.0,-2.0,-2.0,-2.0,0.0,0.0,-2.0,2019,34
301814.0,2019-03-18,18810.0,41989.0,1037.0,Peepal-Ficus religiosa,26.82822,92.80106,Assam,2.0,0.0,0.0,-2.0,-2.0,-2.0,-2.0,0.0,0.0,-2.0,2019,10
352556.0,2019-09-14,18810.0,71824.0,1037.0,Peepal-Ficus religiosa,26.16799,91.7284,Assam,1.0,2.0,0.0,-2.0,-2.0,-2.0,-2.0,0.0,0.0,-2.0,2019,33
240048.0,2018-12-02,18805.0,18469.0,1037.0,Peepal-Ficus religiosa,26.75235,91.93637,Assam,1.0,2.0,0.0,-2.0,-2.0,-2.0,-2.0,0.0,0.0,-2.0,2018,44
630088.0,2022-12-21,15210.0,128903.0,1037.0,Peepal-Ficus religiosa,26.15477,91.78003,Assam,0.0,2.0,2.0,-2.0,-2.0,-2.0,-2.0,1.0,0.0,-2.0,2022,46
630084.0,2022-12-21,15210.0,128900.0,1037.0,Peepal-Ficus religiosa,26.15937,91.69182,Assam,1.0,2.0,2.0,-2.0,-2.0,-2.0,-2.0,2.0,1.0,-2.0,2022,46
298492.0,2019-03-17,18810.0,38661.0,1037.0,Peepal-Ficus religiosa,26.83961,92.81174,Assam,2.0,1.0,0.0,-2.0,-2.0,-2.0,-2.0,1.0,0.0,-2.0,2019,10
653567.0,2023-04-03,23649.0,134665.0,1037.0,Peepal-Ficus religiosa,26.31105,90.9108,Assam,2.0,1.0,0.0,-2.0,-2.0,-2.0,-2.0,2.0,0.0,-2.0,2023,12
653564.0,2023-04-03,23649.0,134662.0,1037.0,Peepal-Ficus religiosa,26.3106,90.91044,Assam,2.0,1.0,0.0,-2.0,-2.0,-2.0,-2.0,2.0,0.0,-2.0,2023,12
653562.0,2023-04-03,23649.0,134660.0,1037.0,Peepal-Ficus religiosa,26.31014,90.91026,Assam,2.0,0.0,0.0,-2.0,-2.0,-2.0,-2.0,1.0,0.0,-2.0,2023,12
653560.0,2023-04-03,23649.0,134658.0,1037.0,Peepal-Ficus religiosa,26.30987,90.90957,Assam,2.0,0.0,0.0,-2.0,-2.0,-2.0,-2.0,2.0,0.0,-2.0,2023,12
295252.0,2019-03-16,18810.0,35501.0,1037.0,Peepal-Ficus religiosa,26.83961,92.81174,Assam,0.0,0.0,1.0,-2.0,-2.0,-2.0,-2.0,0.0,0.0,-2.0,2019,9
350163.0,2019-09-13,21308.0,69455.0,1037.0,Peepal-Ficus religiosa,26.18687,91.74778,Assam,1.0,1.0,0.0,-2.0,-2.0,-2.0,-2.0,-1.0,1.0,-2.0,2019,33
251296.0,2018-12-09,18805.0,28653.0,1037.0,Peepal-Ficus religiosa,26.76008,91.94859,Assam,1.0,2.0,1.0,-2.0,-2.0,-2.0,-2.0,0.0,0.0,-2.0,2018,45
590427.0,2022-04-29,23649.0,117018.0,1170.0,Plum tree-Prunus domestica,25.94272,92.22066,Assam,1.0,2.0,0.0,0.0,0.0,-2.0,-2.0,2.0,0.0,-2.0,2022,15
573500.0,2022-02-19,23649.0,111565.0,1170.0,Plum tree-Prunus domestica,25.94272,92.22066,Assam,1.0,0.0,0.0,2.0,2.0,-2.0,-2.0,0.0,0.0,-2.0,2022,6
630141.0,2022-12-21,15210.0,128917.0,1069.0,Pomegranate-Punica granatum,26.22055,91.63447,Assam,2.0,2.0,0.0,2.0,2.0,-2.0,-2.0,0.0,0.0,-2.0,2022,46
631411.0,2023-01-03,15210.0,129257.0,1066.0,Pongam Tree-Pongamia pinnata,26.16324,91.78192,Assam,0.0,2.0,2.0,0.0,0.0,-2.0,-2.0,2.0,0.0,-2.0,2023,0
630089.0,2022-12-21,15210.0,128904.0,1066.0,Pongam Tree-Pongamia pinnata,26.15509,91.7796,Assam,0.0,2.0,2.0,0.0,0.0,-2.0,-2.0,2.0,2.0,-2.0,2022,46
630090.0,2022-12-21,15210.0,128905.0,1066.0,Pongam Tree-Pongamia pinnata,26.15477,91.77969,Assam,0.0,2.0,2.0,0.0,0.0,-2.0,-2.0,2.0,2.0,-2.0,2022,46
630091.0,2022-12-21,15210.0,128906.0,1066.0,Pongam Tree-Pongamia pinnata,26.15477,91.77969,Assam,0.0,2.0,2.0,0.0,0.0,-2.0,-2.0,2.0,2.0,-2.0,2022,46
306421.0,2019-03-25,18911.0,45458.0,1066.0,Pongam Tree-Pongamia pinnata,26.13647,91.80174,Assam,2.0,0.0,2.0,0.0,0.0,-2.0,-2.0,2.0,2.0,-2.0,2019,11
589225.0,2022-04-30,23649.0,116051.0,1066.0,Pongam Tree-Pongamia pinnata,26.17263,91.78448,Assam,2.0,2.0,0.0,2.0,1.0,-2.0,-2.0,0.0,-1.0,-2.0,2022,15
650984.0,2023-03-29,23649.0,132322.0,1045.0,Pride of India-Lagerstroemia speciosa,26.32745,90.91195,Assam,2.0,1.0,0.0,0.0,0.0,-2.0,-2.0,0.0,0.0,2.0,2023,11
589939.0,2022-05-01,23649.0,116703.0,1045.0,Pride of India-Lagerstroemia speciosa,26.11902,91.81664,Assam,2.0,2.0,0.0,2.0,1.0,-2.0,-2.0,0.0,0.0,1.0,2022,15
589941.0,2022-05-01,23649.0,116705.0,1045.0,Pride of India-Lagerstroemia speciosa,26.11925,91.81625,Assam,1.0,2.0,0.0,2.0,2.0,-2.0,-2.0,0.0,0.0,1.0,2022,15
297886.0,2019-03-17,18810.0,38077.0,1045.0,Pride of India-Lagerstroemia speciosa,26.83961,92.81174,Assam,0.0,0.0,1.0,0.0,0.0,-2.0,-2.0,0.0,0.0,0.0,2019,10
295295.0,2019-03-16,18810.0,35537.0,1012.0,Purple Bauhinia-Bauhinia purpurea,26.83961,92.81174,Assam,0.0,1.0,2.0,0.0,1.0,-2.0,-2.0,0.0,1.0,0.0,2019,9
649356.0,2023-03-25,23649.0,131143.0,1012.0,Purple Bauhinia-Bauhinia purpurea,26.32957,90.91683,Assam,0.0,2.0,1.0,0.0,1.0,-2.0,-2.0,2.0,0.0,0.0,2023,11
580072.0,2022-03-16,20285.0,112411.0,1039.0,Quickstick-Gliricidia sepium,26.71501,93.97302,Assam,0.0,0.0,0.0,1.0,2.0,-2.0,-2.0,0.0,0.0,0.0,2022,9
345222.0,2019-08-20,18810.0,68366.0,1162.0,Rain tree-Albizia saman,26.58599,93.40222,Assam,1.0,2.0,0.0,0.0,1.0,-2.0,-2.0,0.0,0.0,-2.0,2019,30
589942.0,2022-05-01,23649.0,116706.0,1162.0,Rain tree-Albizia saman,26.1205,91.81606,Assam,2.0,2.0,0.0,2.0,2.0,-2.0,-2.0,0.0,0.0,-2.0,2022,15
589952.0,2022-05-01,23649.0,116716.0,1162.0,Rain tree-Albizia saman,26.12363,91.81786,Assam,1.0,2.0,0.0,2.0,2.0,-2.0,-2.0,0.0,0.0,-2.0,2022,15
587102.0,2022-04-25,23649.0,114249.0,1162.0,Rain tree-Albizia saman,25.94598,91.11198,Assam,1.0,2.0,1.0,2.0,2.0,-2.0,-2.0,0.0,1.0,-2.0,2022,15
352858.0,2019-09-14,18810.0,72126.0,1162.0,Rain tree-Albizia saman,26.17313,91.73064,Assam,1.0,2.0,0.0,0.0,1.0,-2.0,-2.0,0.0,0.0,-2.0,2019,33
543277.0,2021-11-22,24074.0,107082.0,1162.0,Rain tree-Albizia saman,26.18771,91.74674,Assam,1.0,2.0,1.0,0.0,1.0,-2.0,-2.0,0.0,0.0,-2.0,2021,42
295136.0,2019-03-16,18810.0,35391.0,1162.0,Rain tree-Albizia saman,26.83961,92.81174,Assam,1.0,2.0,1.0,0.0,0.0,-2.0,-2.0,0.0,2.0,-2.0,2019,9
635518.0,2023-01-19,26742.0,129097.0,1015.0,Red Silk Cotton-Bombax ceiba,26.33072,90.91361,Assam,0.0,0.0,0.0,2.0,2.0,-2.0,-2.0,0.0,0.0,0.0,2023,2
653569.0,2023-04-03,23649.0,134667.0,1015.0,Red Silk Cotton-Bombax ceiba,26.30907,90.90971,Assam,2.0,0.0,0.0,0.0,0.0,-2.0,-2.0,2.0,2.0,1.0,2023,12
653556.0,2023-04-03,23649.0,134654.0,1015.0,Red Silk Cotton-Bombax ceiba,26.32099,90.91657,Assam,2.0,0.0,0.0,0.0,0.0,-2.0,-2.0,2.0,2.0,1.0,2023,12
653557.0,2023-04-03,23649.0,134655.0,1015.0,Red Silk Cotton-Bombax ceiba,26.31816,90.91539,Assam,2.0,0.0,0.0,0.0,0.0,-2.0,-2.0,2.0,2.0,1.0,2023,12
650987.0,2023-03-29,23649.0,132325.0,1015.0,Red Silk Cotton-Bombax ceiba,26.33113,90.91194,Assam,2.0,0.0,0.0,0.0,0.0,-2.0,-2.0,2.0,2.0,1.0,2023,11
634785.0,2023-01-16,15210.0,129559.0,1015.0,Red Silk Cotton-Bombax ceiba,26.11585,91.8105,Assam,0.0,0.0,1.0,2.0,2.0,-2.0,-2.0,0.0,0.0,0.0,2023,2
634783.0,2023-01-16,15210.0,129557.0,1015.0,Red Silk Cotton-Bombax ceiba,26.11615,91.71582,Assam,0.0,0.0,0.0,2.0,2.0,-2.0,-2.0,0.0,0.0,0.0,2023,2
634775.0,2023-01-16,15210.0,129549.0,1015.0,Red Silk Cotton-Bombax ceiba,26.10601,91.58964,Assam,0.0,0.0,2.0,0.0,0.0,-2.0,-2.0,0.0,0.0,0.0,2023,2
634796.0,2023-01-16,15210.0,129564.0,1015.0,Red Silk Cotton-Bombax ceiba,26.20707,92.4302,Assam,0.0,2.0,2.0,2.0,0.0,-2.0,-2.0,0.0,0.0,0.0,2023,2
634795.0,2023-01-16,15210.0,129563.0,1015.0,Red Silk Cotton-Bombax ceiba,26.19098,92.3814,Assam,0.0,2.0,2.0,0.0,0.0,-2.0,-2.0,0.0,0.0,0.0,2023,2
634794.0,2023-01-16,15210.0,129562.0,1015.0,Red Silk Cotton-Bombax ceiba,26.17083,92.35624,Assam,0.0,0.0,1.0,2.0,2.0,-2.0,-2.0,0.0,0.0,0.0,2023,2
639389.0,2023-02-03,26742.0,129097.0,1015.0,Red Silk Cotton-Bombax ceiba,26.33072,90.91361,Assam,0.0,1.0,0.0,1.0,2.0,-2.0,-2.0,0.0,0.0,0.0,2023,4
638416.0,2023-01-31,15210.0,129828.0,1015.0,Red Silk Cotton-Bombax ceiba,26.25784,92.56447,Assam,0.0,2.0,2.0,2.0,1.0,-2.0,-2.0,0.0,0.0,0.0,2023,4
638424.0,2023-01-31,15210.0,129829.0,1015.0,Red Silk Cotton-Bombax ceiba,26.24965,92.55046,Assam,0.0,2.0,2.0,2.0,2.0,-2.0,-2.0,0.0,0.0,0.0,2023,4
638429.0,2023-01-31,15210.0,129830.0,1015.0,Red Silk Cotton-Bombax ceiba,26.2466,92.54364,Assam,0.0,2.0,2.0,2.0,2.0,-2.0,-2.0,0.0,0.0,0.0,2023,4
638432.0,2023-01-31,15210.0,129831.0,1015.0,Red Silk Cotton-Bombax ceiba,26.23901,92.53231,Assam,0.0,2.0,2.0,0.0,0.0,-2.0,-2.0,0.0,0.0,0.0,2023,4
638434.0,2023-01-31,15210.0,129832.0,1015.0,Red Silk Cotton-Bombax ceiba,26.23674,92.52715,Assam,0.0,0.0,0.0,1.0,1.0,-2.0,-2.0,0.0,0.0,0.0,2023,4
638460.0,2023-01-31,15210.0,129836.0,1015.0,Red Silk Cotton-Bombax ceiba,26.16998,92.35381,Assam,0.0,0.0,0.0,2.0,2.0,-2.0,-2.0,0.0,0.0,0.0,2023,4
638439.0,2023-01-31,15210.0,129833.0,1015.0,Red Silk Cotton-Bombax ceiba,26.23073,92.51428,Assam,0.0,1.0,0.0,2.0,2.0,-2.0,-2.0,0.0,0.0,0.0,2023,4
638402.0,2023-01-31,15210.0,129822.0,1015.0,Red Silk Cotton-Bombax ceiba,26.29079,92.64999,Assam,0.0,0.0,0.0,2.0,2.0,-2.0,-2.0,0.0,0.0,0.0,2023,4
638406.0,2023-01-31,15210.0,129823.0,1015.0,Red Silk Cotton-Bombax ceiba,26.29013,92.6362,Assam,0.0,2.0,2.0,0.0,0.0,-2.0,-2.0,0.0,0.0,0.0,2023,4
638409.0,2023-01-31,15210.0,129824.0,1015.0,Red Silk Cotton-Bombax ceiba,26.28933,92.6279,Assam,0.0,0.0,1.0,2.0,0.0,-2.0,-2.0,0.0,0.0,0.0,2023,4
638332.0,2023-01-31,15210.0,129800.0,1015.0,Red Silk Cotton-Bombax ceiba,26.57586,92.8667,Assam,0.0,0.0,1.0,2.0,2.0,-2.0,-2.0,0.0,0.0,0.0,2023,4
638333.0,2023-01-31,15210.0,129801.0,1015.0,Red Silk Cotton-Bombax ceiba,26.57004,92.86841,Assam,0.0,2.0,2.0,2.0,2.0,-2.0,-2.0,0.0,0.0,0.0,2023,4
638335.0,2023-01-31,15210.0,129803.0,1015.0,Red Silk Cotton-Bombax ceiba,26.5619,92.87199,Assam,0.0,0.0,1.0,2.0,1.0,-2.0,-2.0,0.0,0.0,0.0,2023,4
638336.0,2023-01-31,15210.0,129804.0,1015.0,Red Silk Cotton-Bombax ceiba,26.56252,92.87576,Assam,0.0,2.0,2.0,2.0,2.0,-2.0,-2.0,0.0,0.0,0.0,2023,4
638342.0,2023-01-31,15210.0,129806.0,1015.0,Red Silk Cotton-Bombax ceiba,26.54978,92.89525,Assam,0.0,0.0,0.0,2.0,1.0,-2.0,-2.0,0.0,0.0,0.0,2023,4
638344.0,2023-01-31,15210.0,129807.0,1015.0,Red Silk Cotton-Bombax ceiba,26.5503,92.89558,Assam,0.0,0.0,1.0,2.0,2.0,-2.0,-2.0,0.0,0.0,0.0,2023,4
638338.0,2023-01-31,15210.0,129805.0,1015.0,Red Silk Cotton-Bombax ceiba,26.55856,92.88221,Assam,0.0,0.0,2.0,2.0,2.0,-2.0,-2.0,0.0,0.0,0.0,2023,4
638347.0,2023-01-31,15210.0,129808.0,1015.0,Red Silk Cotton-Bombax ceiba,26.54925,92.90205,Assam,0.0,1.0,2.0,0.0,0.0,-2.0,-2.0,0.0,0.0,0.0,2023,4
638350.0,2023-01-31,15210.0,129809.0,1015.0,Red Silk Cotton-Bombax ceiba,26.54478,92.91397,Assam,0.0,2.0,2.0,2.0,1.0,-2.0,-2.0,0.0,0.0,0.0,2023,4
638143.0,2023-01-31,26742.0,129792.0,1015.0,Red Silk Cotton-Bombax ceiba,26.32997,90.92094,Assam,0.0,2.0,0.0,2.0,2.0,-2.0,-2.0,0.0,0.0,0.0,2023,4
638397.0,2023-01-31,15210.0,129820.0,1015.0,Red Silk Cotton-Bombax ceiba,26.29904,92.67113,Assam,0.0,0.0,0.0,2.0,1.0,-2.0,-2.0,0.0,0.0,0.0,2023,4
638399.0,2023-01-31,15210.0,129821.0,1015.0,Red Silk Cotton-Bombax ceiba,26.29365,92.65959,Assam,0.0,0.0,0.0,2.0,1.0,-2.0,-2.0,0.0,0.0,0.0,2023,4
638377.0,2023-01-31,15210.0,129818.0,1015.0,Red Silk Cotton-Bombax ceiba,26.47298,92.93496,Assam,0.0,2.0,2.0,2.0,0.0,-2.0,-2.0,0.0,0.0,0.0,2023,4
638353.0,2023-01-31,15210.0,129810.0,1015.0,Red Silk Cotton-Bombax ceiba,26.53913,92.92159,Assam,0.0,1.0,2.0,2.0,2.0,-2.0,-2.0,0.0,0.0,0.0,2023,4
638355.0,2023-01-31,15210.0,129811.0,1015.0,Red Silk Cotton-Bombax ceiba,26.53866,92.92713,Assam,0.0,1.0,1.0,2.0,2.0,-2.0,-2.0,0.0,0.0,0.0,2023,4
638373.0,2023-01-31,15210.0,129814.0,1015.0,Red Silk Cotton-Bombax ceiba,26.51246,92.95501,Assam,0.0,2.0,2.0,2.0,2.0,-2.0,-2.0,0.0,0.0,0.0,2023,4
638374.0,2023-01-31,15210.0,129815.0,1015.0,Red Silk Cotton-Bombax ceiba,26.50616,92.95529,Assam,0.0,2.0,2.0,2.0,0.0,-2.0,-2.0,0.0,0.0,0.0,2023,4
638376.0,2023-01-31,15210.0,129817.0,1015.0,Red Silk Cotton-Bombax ceiba,26.47373,92.93557,Assam,0.0,2.0,2.0,2.0,0.0,-2.0,-2.0,0.0,0.0,0.0,2023,4
239764.0,2018-12-02,18805.0,18186.0,1015.0,Red Silk Cotton-Bombax ceiba,26.77607,91.94074,Assam,1.0,2.0,1.0,1.0,0.0,-2.0,-2.0,2.0,0.0,0.0,2018,44
637549.0,2023-01-27,26742.0,129097.0,1015.0,Red Silk Cotton-Bombax ceiba,26.33072,90.91361,Assam,0.0,1.0,0.0,2.0,2.0,-2.0,-2.0,0.0,0.0,0.0,2023,3
649351.0,2023-03-25,23649.0,131138.0,1015.0,Red Silk Cotton-Bombax ceiba,26.33072,90.91361,Assam,2.0,0.0,0.0,0.0,0.0,-2.0,-2.0,2.0,0.0,0.0,2023,11
649352.0,2023-03-25,23649.0,131139.0,1015.0,Red Silk Cotton-Bombax ceiba,26.32924,90.91543,Assam,0.0,0.0,0.0,0.0,0.0,-2.0,-2.0,2.0,0.0,0.0,2023,11
649354.0,2023-03-25,23649.0,131141.0,1015.0,Red Silk Cotton-Bombax ceiba,26.32924,90.91543,Assam,1.0,0.0,0.0,0.0,0.0,-2.0,-2.0,2.0,0.0,0.0,2023,11
649355.0,2023-03-25,23649.0,131142.0,1015.0,Red Silk Cotton-Bombax ceiba,26.32924,90.91543,Assam,2.0,0.0,0.0,0.0,0.0,-2.0,-2.0,1.0,0.0,0.0,2023,11
649359.0,2023-03-25,23649.0,131146.0,1015.0,Red Silk Cotton-Bombax ceiba,26.32992,90.9197,Assam,2.0,0.0,0.0,0.0,0.0,-2.0,-2.0,2.0,0.0,0.0,2023,11
589676.0,2022-05-01,23649.0,116449.0,1015.0,Red Silk Cotton-Bombax ceiba,26.16843,91.58435,Assam,2.0,2.0,0.0,0.0,0.0,-2.0,-2.0,0.0,0.0,2.0,2022,15
295157.0,2019-03-16,18810.0,35412.0,1015.0,Red Silk Cotton-Bombax ceiba,26.83961,92.81174,Assam,0.0,1.0,1.0,0.0,0.0,-2.0,-2.0,0.0,1.0,0.0,2019,9
632383.0,2023-01-09,26742.0,129097.0,1015.0,Red Silk Cotton-Bombax ceiba,26.33072,90.91361,Assam,0.0,1.0,-1.0,2.0,1.0,-2.0,-2.0,0.0,0.0,0.0,2023,1
641641.0,2023-02-11,26742.0,129097.0,1015.0,Red Silk Cotton-Bombax ceiba,26.33072,90.91361,Assam,0.0,0.0,0.0,1.0,1.0,-2.0,-2.0,0.0,0.0,0.0,2023,5
630176.0,2022-12-22,15210.0,128940.0,1015.0,Red Silk Cotton-Bombax ceiba,26.76822,91.19291,Assam,0.0,2.0,2.0,0.0,0.0,-2.0,-2.0,0.0,0.0,0.0,2022,46
630175.0,2022-12-22,15210.0,128939.0,1015.0,Red Silk Cotton-Bombax ceiba,26.76822,91.19291,Assam,0.0,2.0,2.0,0.0,0.0,-2.0,-2.0,0.0,0.0,0.0,2022,46
630138.0,2022-12-21,15210.0,128915.0,1015.0,Red Silk Cotton-Bombax ceiba,26.22055,91.63447,Assam,0.0,2.0,2.0,2.0,0.0,-2.0,-2.0,0.0,0.0,0.0,2022,46
630137.0,2022-12-21,15210.0,128914.0,1015.0,Red Silk Cotton-Bombax ceiba,26.22055,91.63447,Assam,0.0,2.0,2.0,2.0,0.0,-2.0,-2.0,0.0,0.0,0.0,2022,46
630221.0,2022-12-23,22597.0,128975.0,1015.0,Red Silk Cotton-Bombax ceiba,26.7978,91.1785,Assam,2.0,1.0,0.0,2.0,2.0,-2.0,-2.0,0.0,0.0,0.0,2022,47
630211.0,2022-12-23,22597.0,128968.0,1015.0,Red Silk Cotton-Bombax ceiba,26.7978,91.1785,Assam,0.0,2.0,2.0,0.0,0.0,-2.0,-2.0,0.0,0.0,0.0,2022,47
630637.0,2022-12-28,26742.0,129097.0,1015.0,Red Silk Cotton-Bombax ceiba,26.33072,90.91361,Assam,1.0,1.0,1.0,2.0,0.0,-2.0,-2.0,0.0,0.0,0.0,2022,47
650226.0,2023-03-27,23649.0,131835.0,1015.0,Red Silk Cotton-Bombax ceiba,26.32744,90.92016,Assam,1.0,0.0,0.0,0.0,0.0,-2.0,-2.0,2.0,1.0,0.0,2023,11
650215.0,2023-03-27,23649.0,131824.0,1015.0,Red Silk Cotton-Bombax ceiba,26.32813,90.92054,Assam,2.0,0.0,0.0,0.0,0.0,-2.0,-2.0,2.0,1.0,0.0,2023,11
629892.0,2022-12-20,15210.0,128886.0,1015.0,Red Silk Cotton-Bombax ceiba,26.09287,91.587,Assam,0.0,2.0,2.0,0.0,0.0,-2.0,-2.0,0.0,0.0,0.0,2022,46
649670.0,2023-03-26,23649.0,131420.0,1015.0,Red Silk Cotton-Bombax ceiba,26.33084,90.93194,Assam,2.0,0.0,0.0,0.0,0.0,-2.0,-2.0,2.0,1.0,0.0,2023,11
630083.0,2022-12-21,15210.0,128899.0,1015.0,Red Silk Cotton-Bombax ceiba,26.15749,91.6721,Assam,0.0,0.0,2.0,0.0,0.0,-2.0,-2.0,0.0,0.0,0.0,2022,46
648820.0,2023-03-21,26742.0,129097.0,1015.0,Red Silk Cotton-Bombax ceiba,26.33072,90.91361,Assam,2.0,0.0,0.0,0.0,0.0,-2.0,-2.0,1.0,0.0,0.0,2023,10
630210.0,2022-12-23,22597.0,128967.0,1044.0,"Roxburghs Kydia, Pulia-Kydia calycina",26.7978,91.1785,Assam,0.0,2.0,2.0,0.0,0.0,-2.0,-2.0,0.0,2.0,-2.0,2022,47
580305.0,2022-03-18,20285.0,112428.0,1075.0,Sal-Shorea robusta,26.65537,93.56135,Assam,1.0,2.0,1.0,1.0,2.0,-2.0,-2.0,0.0,0.0,-2.0,2022,10
631303.0,2023-01-03,15210.0,129240.0,1075.0,Sal-Shorea robusta,26.16265,91.78374,Assam,0.0,2.0,2.0,0.0,0.0,-2.0,-2.0,0.0,0.0,-2.0,2023,0
301453.0,2019-03-17,18810.0,41640.0,1081.0,Tamarind-Tamarindus indica,26.83699,92.80603,Assam,1.0,2.0,1.0,0.0,0.0,-2.0,-2.0,2.0,1.0,-2.0,2019,10
631410.0,2023-01-03,15210.0,129256.0,1004.0,Tree of Heaven-Ailanthus excelsa,26.16281,91.78204,Assam,2.0,2.0,2.0,2.0,0.0,-2.0,-2.0,0.0,0.0,-2.0,2023,0
634784.0,2023-01-16,15210.0,129558.0,1074.0,True Ashoka-Saraca asoca,26.11193,91.79092,Assam,1.0,2.0,0.0,2.0,2.0,-2.0,-2.0,0.0,0.0,0.0,2023,2
634781.0,2023-01-16,15210.0,129555.0,1074.0,True Ashoka-Saraca asoca,26.11815,91.70164,Assam,1.0,2.0,0.0,0.0,0.0,-2.0,-2.0,0.0,0.0,0.0,2023,2
631402.0,2023-01-03,15210.0,129253.0,1021.0,White Silk Cotton-Ceiba pentandra,26.16147,91.78742,Assam,2.0,1.0,1.0,2.0,0.0,-2.0,-2.0,0.0,0.0,0.0,2023,0
638465.0,2023-01-31,15210.0,129841.0,1021.0,White Silk Cotton-Ceiba pentandra,26.12135,92.21019,Assam,0.0,0.0,0.0,2.0,1.0,-2.0,-2.0,0.0,0.0,0.0,2023,4
629831.0,2022-12-20,15210.0,128880.0,1002.0,Wood Apple-Aegle marmelos,26.1046,91.58971,Assam,0.0,2.0,2.0,0.0,0.0,-2.0,-2.0,2.0,0.0,-2.0,2022,46
630096.0,2022-12-21,15210.0,128910.0,1002.0,Wood Apple-Aegle marmelos,26.12925,91.75972,Assam,0.0,2.0,2.0,0.0,0.0,-2.0,-2.0,2.0,0.0,-2.0,2022,46
631277.0,2023-01-03,22597.0,129227.0,1002.0,Wood Apple-Aegle marmelos,26.18586,91.76661,Assam,2.0,2.0,0.0,2.0,2.0,-2.0,-2.0,2.0,0.0,-2.0,2023,0
631307.0,2023-01-03,15210.0,129244.0,1002.0,Wood Apple-Aegle marmelos,26.16229,91.78628,Assam,0.0,2.0,0.0,0.0,0.0,-2.0,-2.0,2.0,0.0,-2.0,2023,0
631339.0,2023-01-03,15210.0,129246.0,1002.0,Wood Apple-Aegle marmelos,26.16227,91.78774,Assam,0.0,2.0,0.0,0.0,0.0,-2.0,-2.0,2.0,0.0,-2.0,2023,0
544664.0,2021-11-25,24076.0,104988.0,1002.0,Wood Apple-Aegle marmelos,26.18771,91.74674,Assam,1.0,2.0,0.0,0.0,0.0,-2.0,-2.0,1.0,0.0,-2.0,2021,43
